parl_const,parl_const_name,All Premises,All Matched Premises,SFBB availability (% premises),UFBB availability (% premises),FTTP availability (% premises),% of premises unable to receive 2Mbit/s,% of premises unable to receive 5Mbit/s,% of premises unable to receive 10Mbit/s,% of premises unable to receive 30Mbit/s,% of premises unable meet USO,% of premises able to receive NGA,% of premises able to receive decent broadband from FWA,% of premises able to receive SFBB from FWA,SFBB availability (Count premises),UFBB availability (Count premises),FTTP availability (Count premises),Count of premises unable to receive 2Mbit/s,Count of premises unable to receive 5Mbit/s,Count of premises unable to receive 10Mbit/s,Count of premises unable to receive 30Mbit/s,Count of premises unable meet USO,Number of premises able to receive NGA,Number of premises able to receive decent broadband from FWA,Number of premises able to receive SFBB from FWA
E14000530,Aldershot,45045,45045,11.7,86.0,2.2,0.1,0.7,1.2,2.2,1.4,98.2,0.0,0.0,5272,38760,994,33,324,550,1013,612,44227,0,0
E14000531,Aldridge-Brownhills,34308,34308,15.5,82.0,15.1,0.0,1.2,1.8,2.5,1.9,98.1,0.0,0.0,5334,28127,5191,5,403,626,847,663,33672,0,0
E14000532,Altrincham and Sale West,43487,43486,42.4,54.3,0.9,0.4,0.8,1.1,3.3,1.1,98.9,1.0,0.0,18424,23621,412,169,365,483,1441,492,43025,453,0
E14000533,Amber Valley,42491,42490,70.0,23.1,22.6,0.2,0.5,1.0,6.9,1.1,98.7,0.0,0.0,29741,9823,9602,72,197,433,2926,476,41948,0,0
E14000534,Arundel and South Downs,46905,46905,84.8,2.2,2.1,0.7,2.3,4.5,12.9,4.7,98.1,0.0,0.0,39781,1041,986,307,1096,2098,6061,2189,46032,0,0
E14000535,Ashfield,48474,48474,8.1,90.4,0.7,0.0,0.6,0.7,1.4,0.7,99.3,0.0,0.0,3949,43835,317,24,270,340,690,357,48139,0,0
E14000536,Ashford,53157,53157,42.4,47.1,4.0,1.0,3.3,5.0,10.5,5.2,97.3,0.0,0.0,22526,25063,2128,554,1748,2632,5561,2738,51729,0,0
E14000537,Ashton-under-Lyne,43512,43512,48.3,50.8,1.5,0.0,0.0,0.1,0.9,0.1,99.9,0.0,0.0,20999,22103,660,0,5,24,410,42,43447,0,0
E14000538,Aylesbury,50746,50746,36.3,58.8,4.9,0.1,0.8,1.6,5.0,1.7,98.1,0.0,0.0,18411,29818,2501,53,420,807,2517,887,49778,0,0
E14000539,Banbury,55249,55247,71.3,22.5,5.6,0.4,0.7,1.3,6.2,1.4,97.7,0.0,0.0,39381,12428,3099,197,413,734,3429,784,53958,0,0
E14000540,Barking,50698,50696,27.2,72.1,7.5,0.0,0.3,0.3,0.6,0.6,99.4,0.0,0.0,13814,36554,3778,0,127,168,328,294,50374,0,0
E14000541,Barnsley Central,42992,42992,19.7,78.6,1.0,0.0,0.1,0.8,1.7,0.9,99.1,0.0,0.0,8453,33800,425,5,34,338,739,392,42585,0,0
E14000542,Barnsley East,43340,43340,60.5,35.5,0.8,0.1,0.3,0.9,4.0,1.6,98.2,0.0,0.0,26207,15406,353,43,112,387,1727,679,42568,0,0
E14000543,Barrow and Furness,44985,44984,96.1,0.4,0.4,0.3,0.7,1.0,3.4,1.2,99.5,2.6,0.8,43230,184,184,147,297,471,1535,519,44750,1152,354
E14000544,Basildon and Billericay,42150,42150,30.4,63.2,13.6,0.1,0.6,2.3,6.4,2.6,97.5,0.0,0.0,12817,26630,5740,48,241,974,2703,1075,41110,0,0
E14000545,Basingstoke,50342,50339,42.2,56.4,14.3,0.0,0.3,0.7,1.5,0.8,99.3,0.0,0.0,21232,28376,7188,1,151,372,731,385,49994,0,0
E14000546,Bassetlaw,49093,49084,65.2,27.9,1.0,0.9,1.2,1.6,6.9,1.7,99.3,6.9,5.1,32000,13715,492,443,608,800,3369,826,48770,3384,2490
E14000547,Bath,39674,39673,43.6,52.2,13.2,0.0,0.0,0.8,4.1,1.3,97.1,0.0,0.0,17302,20728,5218,0,3,337,1643,524,38537,0,0
E14000548,Batley and Spen,48042,48041,37.0,59.3,13.2,0.0,0.1,0.4,3.6,0.8,98.4,0.3,0.0,17785,28505,6352,10,33,196,1751,362,47279,150,0
E14000549,Battersea,51390,51388,13.3,84.4,32.7,0.0,0.0,0.1,2.2,0.3,97.7,0.0,0.0,6836,43392,16781,0,0,41,1150,144,50233,0,0
E14000550,Beaconsfield,44874,44873,64.1,25.4,7.8,0.2,1.0,2.5,10.5,2.8,97.6,0.0,0.0,28750,11418,3513,97,428,1129,4705,1263,43787,0,0
E14000551,Beckenham,40216,40216,27.1,72.2,0.6,0.0,0.0,0.0,0.7,0.1,99.6,0.0,0.0,10898,29046,240,2,4,4,272,21,40067,0,0
E14000552,Bedford,47386,47386,7.0,92.2,4.1,0.0,0.1,0.2,0.8,0.4,99.5,0.0,0.0,3325,43676,1929,23,51,89,385,196,47150,0,0
E14000553,Bermondsey and Old Southwark,69087,69087,20.1,70.8,56.8,0.0,0.0,0.6,9.1,1.4,91.2,0.0,0.0,13880,48935,39216,1,7,449,6271,963,62984,0,0
E14000554,Berwick-upon-Tweed,36918,36909,82.1,3.6,3.6,1.9,4.4,7.0,14.1,7.6,94.9,0.0,0.0,30303,1316,1316,687,1613,2587,5220,2806,35046,14,1
E14000555,Bethnal Green and Bow,60754,60752,29.4,58.0,20.4,0.0,0.0,0.2,12.6,0.3,87.4,0.0,0.0,17890,35218,12389,0,0,130,7644,209,53115,0,0
E14000556,Beverley and Holderness,47363,47361,37.0,48.8,48.8,1.2,3.0,6.1,14.2,6.5,88.5,28.6,24.1,17525,23106,23103,557,1437,2872,6718,3064,41899,13557,11414
E14000557,Bexhill and Battle,49776,49776,88.7,2.2,2.2,0.2,0.7,2.0,9.1,2.0,99.5,0.0,0.0,44176,1073,1073,77,370,1009,4527,1018,49520,0,0
E14000558,Bexleyheath and Crayford,38471,38471,8.9,88.2,3.8,0.0,0.0,1.4,2.9,2.9,97.2,0.0,0.0,3430,33917,1468,0,8,539,1124,1109,37409,0,0
E14000559,Birkenhead,43656,43656,41.2,58.3,0.8,0.0,0.0,0.0,0.5,0.1,99.9,0.0,0.0,17986,25460,361,9,16,20,210,32,43597,0,0
E14000560,"Birmingham, Edgbaston",43017,43017,23.8,73.6,1.6,0.0,0.1,0.8,2.6,1.9,97.5,0.0,0.0,10224,31677,669,1,47,327,1116,822,41925,0,0
E14000561,"Birmingham, Erdington",44102,44102,5.1,91.6,1.8,0.0,1.1,1.8,3.2,2.6,96.8,0.0,0.0,2259,40414,806,8,507,802,1429,1137,42673,0,0
E14000562,"Birmingham, Hall Green",41869,41868,13.4,85.2,0.1,0.0,0.0,0.1,1.4,0.6,98.8,0.0,0.0,5598,35685,30,0,8,28,585,248,41357,0,0
E14000563,"Birmingham, Hodge Hill",41938,41938,26.3,73.4,0.8,0.0,0.2,0.3,0.3,2.9,99.7,0.0,0.0,11018,30785,337,0,70,112,135,1219,41804,0,0
E14000564,"Birmingham, Ladywood",58736,58734,13.0,74.2,16.4,0.0,0.1,1.1,12.8,2.2,87.2,0.0,0.0,7618,43611,9605,0,52,626,7505,1282,51230,0,0
E14000565,"Birmingham, Northfield",46563,46563,42.7,55.3,1.3,0.0,0.1,1.3,2.1,4.5,97.9,0.0,0.0,19865,25740,605,0,31,585,958,2086,45605,0,0
E14000566,"Birmingham, Perry Barr",41092,41091,5.4,93.6,1.1,0.0,0.1,0.3,1.0,0.8,99.0,0.0,0.0,2221,38463,437,18,46,116,407,325,40689,0,0
E14000567,"Birmingham, Selly Oak",43943,43943,16.4,81.8,1.1,0.0,0.0,0.8,1.8,1.8,98.3,0.0,0.0,7209,35949,473,8,16,342,785,788,43177,0,0
E14000568,"Birmingham, Yardley",44344,44344,10.2,89.1,0.9,0.0,0.1,0.3,0.6,0.9,99.4,0.0,0.0,4544,39515,380,5,62,140,285,383,44077,0,0
E14000569,Bishop Auckland,44554,44553,87.8,1.3,1.3,1.2,2.7,4.8,10.7,4.9,97.0,1.4,0.2,39140,591,591,527,1220,2121,4766,2201,43216,621,74
E14000570,Blackburn,44840,44840,29.8,69.1,0.3,0.0,0.1,0.2,1.1,0.2,99.7,45.2,15.3,13355,31000,137,19,47,77,485,91,44690,20275,6881
E14000571,Blackley and Broughton,50850,50850,42.1,53.9,4.3,0.4,0.8,2.1,4.0,2.9,96.9,0.0,0.0,21423,27398,2167,189,398,1059,2029,1453,49283,0,0
E14000572,Blackpool North and Cleveleys,40918,40918,46.2,52.9,0.0,0.0,0.0,0.0,0.8,0.2,99.7,0.0,0.0,18924,21664,0,3,9,12,330,63,40788,0,0
E14000573,Blackpool South,39679,39679,28.6,70.5,0.5,0.0,0.0,0.0,0.9,0.0,99.2,0.0,0.0,11360,27966,213,0,0,0,353,0,39365,0,0
E14000574,Blaydon,42340,42339,59.7,33.3,1.7,0.1,0.5,2.0,6.9,2.5,96.8,0.0,0.0,25283,14120,731,36,192,827,2936,1076,40988,1,0
E14000575,Blyth Valley,38960,38959,96.4,2.1,1.0,0.0,0.1,0.1,1.5,0.1,100.0,0.0,0.0,37574,812,384,13,25,41,573,42,38952,0,0
E14000576,Bognor Regis and Littlehampton,50362,50359,94.3,2.3,2.3,0.0,0.2,0.3,3.5,0.4,99.6,0.0,0.0,47473,1145,1145,22,81,126,1741,179,50171,0,0
E14000577,Bolsover,45661,45660,68.3,23.2,3.3,0.4,1.0,1.5,8.6,1.7,98.4,0.0,0.0,31169,10576,1523,194,466,692,3915,771,44909,0,0
E14000578,Bolton North East,44753,44753,37.4,61.9,1.8,0.0,0.1,0.3,0.7,0.3,99.7,0.0,0.0,16738,27718,810,6,34,123,297,134,44618,0,0
E14000579,Bolton South East,45235,45234,44.4,54.4,0.1,0.0,0.1,0.1,1.1,0.9,99.3,0.3,0.0,20106,24623,34,18,27,32,505,385,44908,122,0
E14000580,Bolton West,44320,44320,47.2,51.1,0.2,0.0,0.1,0.3,1.7,1.5,99.6,12.9,7.4,20920,22629,83,5,27,112,771,668,44152,5727,3294
E14000581,Bootle,47513,47513,35.3,64.4,0.0,0.0,0.2,0.2,0.3,0.3,99.8,0.0,0.0,16751,30613,20,0,73,86,149,122,47396,0,0
E14000582,Boston and Skegness,49287,49287,86.6,0.5,0.5,1.7,3.8,5.8,12.9,5.9,97.9,6.1,5.0,42662,262,262,860,1889,2875,6358,2896,48270,3014,2443
E14000583,Bosworth,48722,48722,33.7,61.4,5.3,0.3,1.3,2.0,4.9,2.2,98.3,0.0,0.0,16415,29918,2588,124,644,980,2389,1049,47893,0,0
E14000584,Bournemouth East,48469,48469,17.3,82.5,2.6,0.0,0.0,0.0,0.1,0.0,99.9,0.0,0.0,8404,39996,1262,3,4,7,69,17,48435,0,0
E14000585,Bournemouth West,49413,49412,17.6,82.0,33.9,0.0,0.0,0.0,0.4,0.1,99.7,0.0,0.0,8712,40519,16730,0,3,5,181,36,49275,0,0
E14000586,Bracknell,45758,45758,46.0,48.7,1.9,0.0,0.2,1.3,5.3,1.5,98.2,0.0,0.0,21068,22275,854,3,86,579,2415,693,44913,0,0
E14000587,Bradford East,42696,42696,10.7,87.8,0.5,0.0,0.0,0.1,1.5,0.5,98.7,55.2,0.0,4552,37505,229,0,14,29,639,215,42121,23574,0
E14000588,Bradford South,43229,43229,19.8,78.6,1.0,0.1,0.4,0.5,1.6,1.1,99.1,6.7,0.8,8566,33978,451,32,176,227,685,460,42848,2876,363
E14000589,Bradford West,39094,39094,13.1,84.3,1.6,0.0,0.1,0.2,2.6,0.7,97.9,34.1,5.5,5128,32961,634,0,38,92,1005,260,38289,13335,2159
E14000590,Braintree,44501,44501,83.3,0.4,0.1,1.3,3.5,5.8,16.3,6.1,91.7,0.0,0.0,37052,180,49,600,1565,2585,7269,2722,40807,0,0
E14000591,Brent Central,47828,47828,54.7,41.8,16.9,0.0,0.1,1.0,3.5,1.1,97.2,0.0,0.0,26149,20015,8060,1,50,470,1664,547,46501,0,0
E14000592,Brent North,45079,45079,19.8,78.8,14.0,0.0,0.0,0.1,1.4,0.4,98.6,0.0,0.0,8917,35528,6310,0,15,50,634,187,44452,0,0
E14000593,Brentford and Isleworth,55405,55402,9.7,89.5,10.7,0.0,0.1,0.1,0.8,0.2,99.3,0.0,0.0,5366,49590,5952,0,37,68,446,137,55030,0,0
E14000594,Brentwood and Ongar,43365,43364,75.4,15.9,7.0,0.4,1.0,1.5,8.7,1.7,97.6,0.0,0.0,32694,6912,3047,184,449,665,3758,758,42332,0,0
E14000595,Bridgwater and West Somerset,54150,54149,86.3,2.7,2.7,1.3,2.8,4.7,10.9,5.2,96.7,0.0,0.0,46738,1469,1469,708,1534,2566,5892,2834,52371,0,0
E14000596,Brigg and Goole,40274,40274,82.8,6.0,1.4,1.2,2.1,2.8,11.1,3.4,95.9,50.8,45.4,33357,2428,572,470,826,1131,4464,1381,38616,20445,18290
E14000597,"Brighton, Kemptown",41202,41202,54.7,44.0,14.3,0.0,0.0,0.1,1.3,0.1,99.5,0.0,0.0,22543,18124,5879,14,15,22,535,36,40996,0,0
E14000598,"Brighton, Pavilion",43672,43669,52.2,46.4,0.8,0.0,0.6,1.1,1.4,2.3,98.7,0.0,0.0,22805,20261,330,4,273,463,603,1018,43120,0,0
E14000599,Bristol East,44980,44979,6.6,91.4,4.2,0.0,0.1,0.6,2.1,2.1,98.3,0.0,0.0,2960,41095,1889,13,57,288,924,967,44200,0,0
E14000600,Bristol North West,44962,44962,11.5,86.5,1.3,0.0,0.1,1.0,2.0,1.4,98.2,0.0,0.0,5159,38914,584,1,34,432,889,617,44174,0,0
E14000601,Bristol South,50073,50067,6.5,92.3,12.0,0.0,0.0,0.3,1.3,0.9,98.8,0.0,0.0,3237,46204,6014,5,9,159,626,436,49456,0,0
E14000602,Bristol West,56712,56711,8.8,84.0,8.9,0.0,0.0,0.5,7.2,1.6,92.8,0.0,0.0,5006,47646,5020,0,0,274,4059,924,52652,0,0
E14000603,Broadland,46055,46055,78.4,6.2,4.9,1.2,3.3,6.4,15.4,6.7,95.1,0.1,0.1,36121,2837,2276,533,1504,2955,7096,3084,43802,61,61
E14000604,Bromley and Chislehurst,41192,41192,16.6,81.7,0.5,0.0,0.0,0.1,1.7,0.2,99.2,0.0,0.0,6839,33650,199,0,4,31,703,71,40860,0,0
E14000605,Bromsgrove,42884,42884,76.4,17.5,5.7,0.2,1.0,1.5,6.1,1.5,99.6,0.0,0.0,32771,7510,2451,106,410,639,2603,645,42692,0,0
E14000606,Broxbourne,44326,44326,13.3,84.5,0.3,0.1,0.1,0.5,2.2,0.6,99.4,0.0,0.0,5908,37457,130,29,56,241,961,249,44080,0,0
E14000607,Broxtowe,44279,44279,9.1,90.3,0.5,0.0,0.0,0.1,0.6,0.1,99.8,0.0,0.0,4037,39993,210,3,9,25,249,46,44190,0,0
E14000608,Buckingham,45849,45848,72.5,12.5,10.7,1.4,3.3,6.1,15.0,6.6,92.7,0.0,0.0,33258,5731,4890,651,1529,2781,6858,3028,42516,0,0
E14000609,Burnley,42516,42515,13.4,85.4,0.2,0.1,0.1,0.2,1.3,0.3,99.9,46.1,11.2,5681,36295,66,35,43,104,539,123,42472,19621,4759
E14000610,Burton,47986,47986,91.0,1.7,0.8,0.2,0.7,1.7,7.3,1.8,98.7,0.0,0.0,43672,824,389,110,351,804,3490,874,47353,0,0
E14000611,Bury North,40947,40947,61.7,35.3,2.4,0.0,0.2,0.3,3.0,0.3,99.9,0.2,0.0,25269,14441,972,7,69,103,1237,106,40914,99,0
E14000612,Bury South,44915,44904,46.5,51.0,3.7,0.0,0.0,0.1,2.4,1.3,99.9,0.0,0.0,20906,22903,1644,5,20,45,1095,595,44877,0,0
E14000613,Bury St Edmunds,53148,53148,84.9,5.4,2.1,0.4,1.2,2.4,9.7,2.6,97.6,0.0,0.0,45118,2890,1097,225,626,1274,5140,1368,51891,0,0
E14000614,Calder Valley,50316,50315,56.9,30.8,4.9,0.6,1.6,2.9,12.4,3.1,98.2,0.0,0.0,28612,15478,2463,312,795,1482,6225,1573,49404,1,1
E14000615,Camberwell and Peckham,54061,54061,30.1,66.3,39.4,0.0,0.0,0.5,3.6,0.7,96.4,0.0,0.0,16254,35866,21318,0,18,272,1941,393,52124,0,0
E14000616,Camborne and Redruth,42990,42990,50.3,39.2,39.2,0.4,1.5,2.9,10.5,3.4,95.9,0.0,0.0,21610,16862,16862,163,633,1253,4518,1466,41219,0,0
E14000617,Cambridge,52751,52751,14.9,84.1,4.9,0.0,0.0,0.3,1.1,0.6,99.0,0.1,0.0,7846,44348,2576,1,2,132,557,328,52227,60,0
E14000618,Cannock Chase,44955,44954,74.8,21.7,0.2,0.0,0.3,0.6,3.5,0.7,99.2,0.0,0.0,33626,9773,106,12,151,276,1555,319,44583,0,0
E14000619,Canterbury,49557,49557,89.8,1.7,1.7,0.3,0.8,1.5,8.4,1.6,99.5,0.0,0.0,44482,856,856,166,413,755,4169,807,49297,0,0
E14000620,Carlisle,43316,43315,41.5,55.3,1.9,0.3,0.8,1.4,3.2,1.8,98.3,0.0,0.0,17982,23942,813,127,330,606,1391,787,42587,0,0
E14000621,Carshalton and Wallington,41361,41356,17.8,80.8,1.2,0.0,0.0,0.4,1.3,0.8,99.0,0.0,0.0,7374,33432,487,1,4,147,550,311,40951,0,0
E14000622,Castle Point,38894,38894,49.7,48.2,1.2,0.1,0.2,0.4,2.1,0.4,99.7,0.0,0.0,19343,18749,449,21,70,141,802,147,38762,0,0
E14000623,Central Devon,43643,43641,71.1,5.1,2.6,1.9,5.6,10.9,23.7,11.5,92.2,1.3,0.8,31037,2234,1145,840,2439,4759,10351,5024,40236,555,339
E14000624,Central Suffolk and North Ipswich,44681,44680,60.2,25.0,3.9,1.0,3.0,6.6,14.8,6.8,95.0,0.0,0.0,26885,11150,1755,441,1337,2940,6635,3055,42426,0,0
E14000625,Charnwood,43804,43804,37.6,60.1,10.1,0.1,0.2,0.6,2.3,1.6,99.4,0.0,0.0,16454,26322,4435,26,106,278,1028,710,43525,0,0
E14000626,Chatham and Aylesford,42499,42498,14.2,84.2,0.4,0.1,0.2,0.4,1.6,0.6,99.5,0.0,0.0,6044,35779,156,33,73,190,675,264,42304,0,0
E14000627,Cheadle,40791,40791,31.1,67.5,0.2,0.0,0.0,0.1,1.4,0.1,99.6,12.2,0.0,12700,27528,73,0,2,25,563,34,40646,4987,0
E14000628,Chelmsford,49549,49549,32.2,65.4,1.2,0.0,0.0,0.1,2.4,0.5,98.6,0.0,0.0,15977,32406,576,4,19,71,1166,242,48869,0,0
E14000629,Chelsea and Fulham,49786,49786,35.0,58.3,18.9,0.0,0.0,0.3,6.7,0.4,93.3,0.0,0.0,17428,29001,9418,0,0,165,3357,179,46434,0,0
E14000630,Cheltenham,51017,51017,26.6,70.3,3.3,0.0,0.3,0.8,3.1,1.5,98.0,0.0,0.0,13591,35860,1675,1,144,399,1566,745,50005,0,0
E14000631,Chesham and Amersham,40705,40705,42.6,49.9,0.3,0.3,0.6,1.3,7.5,1.5,98.5,0.0,0.0,17359,20297,102,106,230,532,3049,619,40101,0,0
E14000632,Chesterfield,46477,46476,61.8,34.9,0.9,0.0,0.3,0.5,3.3,0.6,99.3,0.0,0.0,28723,16214,407,5,134,252,1539,267,46138,0,0
E14000633,Chichester,54692,54677,73.5,16.6,17.1,0.5,1.5,2.9,9.9,3.1,99.1,0.0,0.0,40199,9059,9347,288,815,1605,5399,1683,54219,0,0
E14000634,Chingford and Woodford Green,38668,38668,9.6,88.2,11.5,0.0,0.1,0.5,2.2,1.4,98.0,0.0,0.0,3704,34099,4451,3,39,185,865,549,37899,0,0
E14000635,Chippenham,45518,45517,73.1,21.7,2.6,0.1,0.2,0.6,5.1,0.7,98.6,0.0,0.0,33287,9886,1180,39,110,260,2344,308,44884,0,0
E14000636,Chipping Barnet,47167,47167,72.8,22.5,13.4,0.0,0.1,0.6,4.7,0.8,97.5,0.0,0.0,34329,10602,6298,2,42,265,2236,375,45991,0,0
E14000637,Chorley,47066,47066,40.1,54.9,3.4,0.0,0.9,1.6,5.0,1.7,98.7,43.7,22.9,18854,25862,1603,18,420,752,2350,791,46449,20584,10797
E14000638,Christchurch,43118,43118,52.1,41.8,12.4,0.1,0.2,0.4,6.2,0.4,99.8,0.0,0.0,22456,18008,5342,44,101,160,2654,162,43015,0,0
E14000639,Cities of London and Westminster,70412,70403,35.7,33.5,26.6,0.0,0.0,0.3,30.7,0.5,69.3,0.0,0.0,25161,23614,18710,0,0,178,21606,349,48783,0,0
E14000640,City of Chester,47110,47110,84.0,11.5,8.1,0.1,0.2,0.7,4.5,0.7,98.8,0.0,0.0,39573,5401,3839,55,106,315,2136,317,46526,0,0
E14000641,City of Durham,42716,42714,93.1,0.9,0.9,0.1,0.3,0.5,6.0,0.7,98.6,0.0,0.0,39771,386,382,56,107,195,2557,296,42106,0,0
E14000642,Clacton,45040,45040,94.3,0.0,0.0,0.3,1.1,1.6,5.7,1.7,99.1,0.0,0.0,42470,2,2,140,485,709,2568,765,44619,0,0
E14000643,Cleethorpes,42978,42978,26.5,68.6,0.8,0.4,1.4,2.2,4.9,2.6,97.9,28.4,18.8,11381,29489,330,156,605,941,2108,1129,42064,12203,8082
E14000644,Colchester,53860,53859,39.6,58.9,2.8,0.0,0.0,0.0,1.5,0.2,99.0,0.0,0.0,21332,31744,1494,0,10,21,783,87,53321,0,0
E14000645,Colne Valley,50860,50859,44.1,49.1,1.4,0.2,1.1,1.9,6.8,2.5,97.9,0.0,0.0,22404,24990,736,124,551,967,3461,1281,49785,0,0
E14000646,Congleton,46352,46352,87.3,2.0,1.7,0.6,1.3,2.0,10.7,2.0,98.4,0.0,0.0,40462,918,783,289,581,928,4972,943,45620,0,0
E14000647,Copeland,40456,40456,91.8,0.8,0.8,0.5,1.5,2.8,7.3,2.9,98.8,2.7,2.6,37149,339,339,205,613,1144,2946,1178,39969,1107,1046
E14000648,Corby,53373,53373,45.0,51.5,9.5,0.3,0.6,1.1,3.5,1.2,98.9,0.0,0.0,24019,27494,5089,185,316,603,1858,637,52770,0,0
E14000649,Coventry North East,50410,50410,10.6,87.1,3.1,0.0,0.3,1.1,2.3,1.4,98.2,0.0,0.0,5356,43908,1581,11,174,536,1146,709,49511,0,0
E14000650,Coventry North West,46551,46551,11.2,85.0,13.5,0.1,0.4,1.5,3.9,1.7,96.8,0.0,0.0,5200,39548,6306,58,182,704,1803,780,45071,0,0
E14000651,Coventry South,45603,45603,32.6,60.0,33.9,0.0,0.7,1.4,7.3,2.3,93.2,0.0,0.0,14888,27374,15472,0,325,626,3341,1060,42493,0,0
E14000652,Crawley,46430,46429,16.2,83.2,1.2,0.0,0.0,0.1,0.6,0.2,100.0,0.0,0.0,7499,38639,555,13,17,32,291,78,46408,0,0
E14000653,Crewe and Nantwich,51310,51309,91.3,2.9,1.8,0.1,0.8,1.6,5.8,1.6,97.9,0.0,0.0,46865,1491,899,41,420,796,2953,804,50248,0,0
E14000654,Croydon Central,52102,52102,20.5,77.1,5.1,0.0,0.0,0.3,2.4,1.0,98.2,0.0,0.0,10656,40185,2654,1,2,143,1261,511,51151,0,0
E14000655,Croydon North,56792,56791,18.8,77.4,12.8,0.0,0.1,0.5,3.8,1.3,96.3,0.0,0.0,10674,43956,7252,0,64,278,2161,732,54675,0,0
E14000656,Croydon South,47804,47804,16.6,80.7,1.0,0.0,0.0,0.3,2.7,0.6,98.2,0.0,0.0,7943,38560,456,0,19,145,1301,272,46967,0,0
E14000657,Dagenham and Rainham,42920,42920,25.8,73.2,1.9,0.0,0.2,0.5,0.9,1.3,99.1,0.0,0.0,11090,31436,823,1,72,221,394,546,42543,0,0
E14000658,Darlington,45581,45581,7.1,91.6,0.5,0.1,0.9,1.0,1.3,1.7,98.7,17.2,3.2,3239,41746,223,34,394,440,596,762,45005,7842,1438
E14000659,Dartford,49467,49467,48.1,45.7,5.5,0.3,1.2,2.1,6.2,2.5,97.2,0.0,0.0,23808,22601,2698,156,602,1050,3058,1259,48080,0,0
E14000660,Daventry,44373,44373,75.5,15.5,12.3,0.6,1.6,2.9,9.0,3.1,96.9,0.7,0.7,33499,6880,5451,268,706,1280,3991,1378,42984,308,308
E14000661,Denton and Reddish,41342,41342,27.2,71.5,0.0,0.0,0.0,0.3,1.3,0.6,99.5,0.0,0.0,11232,29555,4,0,0,136,555,241,41141,0,0
E14000662,Derby North,46135,46135,14.8,84.7,1.3,0.0,0.0,0.1,0.5,0.2,99.8,0.0,0.0,6834,39077,597,0,9,64,224,109,46041,0,0
E14000663,Derby South,49125,49125,22.6,76.1,3.1,0.0,0.0,0.1,1.2,0.4,99.0,0.0,0.0,11117,37397,1506,1,1,25,611,193,48635,0,0
E14000664,Derbyshire Dales,39801,39800,77.3,4.4,4.3,1.1,4.2,8.9,18.2,9.4,92.9,0.0,0.0,30767,1771,1725,420,1668,3524,7261,3737,36963,0,0
E14000665,Devizes,43609,43609,68.5,21.4,2.2,0.3,1.0,2.4,10.1,2.6,97.7,0.0,0.0,29863,9343,974,114,420,1061,4403,1136,42599,0,0
E14000666,Dewsbury,46868,46868,40.7,53.4,1.6,0.1,0.3,0.7,5.9,1.2,97.2,0.0,0.0,19074,25016,733,50,121,346,2778,552,45541,0,0
E14000667,Don Valley,44825,44825,71.8,21.0,1.5,0.2,1.4,1.8,7.2,2.1,96.8,14.7,14.0,32200,9410,655,81,606,817,3215,919,43393,6607,6272
E14000668,Doncaster Central,49374,49373,41.3,56.6,0.5,0.0,0.1,0.2,2.0,0.2,99.0,18.4,18.4,20411,27958,223,0,59,91,1004,112,48873,9096,9070
E14000669,Doncaster North,45319,45319,37.1,57.6,18.2,0.3,1.1,1.6,5.3,1.9,98.3,8.2,6.7,16813,26112,8265,140,496,732,2393,850,44555,3720,3020
E14000670,Dover,46455,46453,58.7,34.4,1.4,0.8,1.0,1.7,6.9,1.8,98.7,0.0,0.0,27283,15980,641,358,482,801,3190,842,45843,0,0
E14000671,Dudley North,36797,36797,21.4,78.2,0.0,0.0,0.0,0.0,0.4,0.1,99.7,0.0,0.0,7869,28766,12,0,0,10,162,30,36704,0,0
E14000672,Dudley South,37013,37012,8.2,91.5,0.5,0.0,0.0,0.0,0.4,0.2,99.7,0.0,0.0,3021,33851,199,0,1,9,140,90,36884,0,0
E14000673,Dulwich and West Norwood,44959,44959,39.9,57.8,6.0,0.0,0.0,0.0,2.4,0.1,97.7,0.0,0.0,17936,25964,2701,0,0,0,1059,50,43946,0,0
E14000674,Ealing Central and Acton,51012,51012,14.3,84.1,10.4,0.0,0.1,0.7,1.6,1.2,98.4,0.0,0.0,7282,42912,5305,0,64,342,818,624,50201,0,0
E14000675,Ealing North,46261,46256,39.6,59.6,5.3,0.0,0.1,0.5,0.8,0.8,99.4,0.0,0.0,18305,27586,2474,2,44,219,365,356,45967,0,0
E14000676,"Ealing, Southall",34048,34047,58.9,39.0,6.6,0.1,0.2,0.8,2.1,1.0,98.0,0.0,0.0,20069,13263,2232,23,70,276,715,348,33361,0,0
E14000677,Easington,39617,39617,93.2,3.1,0.1,0.1,0.2,0.3,3.7,0.3,99.9,0.0,0.0,36923,1226,35,29,71,109,1468,109,39597,0,0
E14000678,East Devon,51352,51352,78.3,10.9,4.5,0.3,1.7,3.3,10.8,3.7,95.6,0.0,0.0,40198,5598,2326,168,885,1690,5556,1893,49107,0,0
E14000679,East Ham,49624,49623,19.9,78.3,17.3,0.0,0.5,1.2,1.8,1.4,98.2,0.0,0.0,9866,38862,8565,1,237,584,895,695,48745,0,0
E14000680,East Hampshire,44680,44680,63.7,21.2,2.5,0.8,2.3,5.0,15.2,5.4,94.0,0.0,0.0,28446,9454,1100,352,1041,2250,6780,2433,41985,0,0
E14000681,East Surrey,48678,48677,49.3,43.1,4.5,0.2,1.1,2.1,7.6,2.2,99.5,0.0,0.0,23990,20970,2188,85,528,1028,3717,1058,48442,0,0
E14000682,East Worthing and Shoreham,44506,44466,27.2,72.0,0.1,0.0,0.0,0.1,0.7,0.3,99.6,0.0,0.0,12086,32063,41,7,17,38,317,130,44327,0,0
E14000683,East Yorkshire,49493,49491,86.7,2.1,1.8,0.8,2.2,3.6,11.2,3.6,95.1,46.6,30.5,42930,1036,900,406,1098,1770,5525,1797,47048,25860,16895
E14000684,Eastbourne,51046,51046,97.9,0.9,0.9,0.0,0.0,0.1,1.3,0.1,99.6,0.0,0.0,49953,450,450,2,5,36,643,36,50828,0,0
E14000685,Eastleigh,47925,47925,55.0,40.9,2.9,0.0,0.1,0.5,4.1,0.7,98.2,0.0,0.0,26380,19578,1413,1,55,221,1967,333,47062,0,0
E14000686,Eddisbury,41419,41419,78.2,7.1,7.1,1.2,3.3,5.6,14.7,5.8,96.4,0.0,0.0,32397,2954,2954,479,1372,2319,6068,2399,39916,0,0
E14000687,Edmonton,43017,43017,32.2,66.4,3.9,0.0,0.1,0.8,1.4,1.2,98.6,0.0,0.0,13864,28555,1683,0,35,353,598,500,42422,0,0
E14000688,Ellesmere Port and Neston,42115,42110,49.2,47.4,0.7,0.1,0.4,0.6,3.4,0.7,99.4,0.0,0.0,20718,19977,311,52,172,243,1414,283,41855,0,0
E14000689,Elmet and Rothwell,46501,46481,37.9,54.2,37.2,0.4,1.2,2.4,7.9,2.6,97.2,2.2,1.4,17607,25187,17281,207,557,1139,3687,1191,45197,1019,662
E14000690,Eltham,38811,38809,34.5,65.0,3.4,0.0,0.0,0.0,0.6,0.1,99.7,0.0,0.0,13380,25212,1311,0,15,19,217,27,38687,0,0
E14000691,Enfield North,43245,43244,49.9,48.8,2.8,0.1,0.2,0.8,1.3,1.3,99.1,0.0,0.0,21563,21089,1203,24,85,331,568,576,42865,0,0
E14000692,"Enfield, Southgate",39368,39368,21.7,77.0,0.9,0.0,0.0,0.1,1.3,0.3,99.5,0.0,0.0,8545,30326,362,0,0,54,497,127,39166,0,0
E14000693,Epping Forest,44292,44292,14.2,81.8,1.1,0.6,1.3,2.1,4.0,2.3,98.3,0.0,0.0,6303,36227,499,260,555,944,1762,1039,43540,0,0
E14000694,Epsom and Ewell,45481,45481,30.4,68.7,2.0,0.0,0.0,0.1,0.8,0.1,99.5,0.0,0.0,13832,31264,913,0,3,50,385,63,45240,0,0
E14000695,Erewash,45281,45281,14.1,85.0,0.2,0.0,0.1,0.2,0.9,0.2,99.7,0.0,0.0,6396,38490,75,11,31,76,395,82,45155,0,0
E14000696,Erith and Thamesmead,44919,44919,30.7,67.3,1.8,0.1,0.3,1.5,2.0,1.7,98.1,0.0,0.0,13768,30247,799,23,117,653,904,778,44054,0,0
E14000697,Esher and Walton,48349,48349,14.6,83.8,1.2,0.0,0.1,0.1,1.6,0.2,99.5,0.0,0.0,7059,40536,578,9,28,64,754,78,48093,0,0
E14000698,Exeter,49355,49354,12.6,84.4,13.1,0.0,0.1,1.5,3.0,2.7,97.3,0.0,0.0,6209,41641,6476,0,51,763,1504,1329,47998,0,0
E14000699,Fareham,44831,44831,21.7,76.3,3.1,0.2,0.4,0.7,2.1,0.8,99.5,0.0,0.0,9708,34189,1391,77,186,304,934,366,44612,0,0
E14000700,Faversham and Mid Kent,42455,42455,57.7,31.8,5.9,1.1,2.4,3.9,10.4,4.2,98.5,0.0,0.0,24514,13514,2518,473,1003,1672,4425,1764,41818,0,0
E14000701,Feltham and Heston,47279,47261,30.3,67.1,3.3,0.0,0.3,0.7,2.5,1.2,97.5,0.0,0.0,14323,31739,1574,1,161,342,1199,553,46106,0,0
E14000702,Filton and Bradley Stoke,44183,44183,19.7,77.5,4.6,0.0,0.1,0.6,2.7,0.8,99.5,0.0,0.0,8724,34242,2025,22,46,255,1202,365,43954,0,0
E14000703,Finchley and Golders Green,47053,47053,43.8,53.8,6.1,0.0,0.0,0.0,2.4,0.4,98.7,0.0,0.0,20603,25333,2875,0,6,9,1117,184,46420,0,0
E14000704,Folkestone and Hythe,53329,53328,48.8,39.3,1.4,2.7,4.7,7.3,11.8,8.0,93.0,0.0,0.0,26043,20975,725,1414,2509,3906,6310,4285,49585,0,0
E14000705,Forest of Dean,40810,40806,67.6,8.1,8.1,1.3,4.6,10.3,24.3,11.7,86.3,13.6,6.5,27582,3297,3292,522,1857,4221,9921,4775,35215,5551,2658
E14000706,Fylde,41115,41115,64.6,27.8,2.3,0.1,0.6,1.5,7.5,1.5,97.9,9.7,3.1,26579,11441,943,59,262,599,3095,610,40247,3998,1276
E14000707,Gainsborough,44798,44797,73.4,12.3,2.9,2.1,4.5,7.1,14.2,7.4,97.4,26.2,19.0,32885,5531,1316,952,2033,3180,6375,3329,43617,11759,8531
E14000708,Garston and Halewood,45760,45759,35.7,63.7,2.5,0.0,0.0,0.0,0.7,0.2,99.9,0.0,0.0,16322,29129,1128,1,12,22,308,83,45701,0,0
E14000709,Gateshead,46382,46292,24.9,73.5,1.6,0.0,0.0,0.1,1.3,0.6,98.6,0.0,0.0,11572,34113,765,0,14,65,607,294,45755,0,0
E14000710,Gedling,43545,43545,18.0,81.6,0.6,0.0,0.1,0.1,0.4,0.2,99.9,0.0,0.0,7853,35539,270,3,65,65,153,80,43481,0,0
E14000711,Gillingham and Rainham,43115,43115,5.5,91.5,0.1,0.0,0.1,0.2,3.0,0.3,97.8,0.0,0.0,2378,39463,25,1,23,74,1274,148,42145,0,0
E14000712,Gloucester,53245,53244,18.0,76.9,3.1,0.1,1.5,2.4,5.1,3.6,95.4,48.4,2.3,9579,40928,1625,61,801,1288,2737,1938,50793,25745,1248
E14000713,Gosport,44647,44647,47.8,51.9,0.7,0.0,0.0,0.0,0.2,0.1,99.9,0.0,0.0,21357,23188,299,0,2,7,102,24,44624,0,0
E14000714,Grantham and Stamford,51493,51492,57.6,35.3,1.4,0.4,1.1,2.0,7.1,2.2,98.0,0.0,0.0,29652,18190,744,208,567,1049,3636,1156,50445,0,0
E14000715,Gravesham,43831,43830,30.4,65.0,5.7,0.1,0.5,0.8,4.6,0.8,98.0,0.0,0.0,13322,28505,2520,24,204,355,2003,356,42935,0,0
E14000716,Great Grimsby,39187,39187,4.9,94.3,0.0,0.0,0.1,0.2,0.8,0.4,99.4,27.6,24.7,1917,36960,15,0,22,64,310,140,38958,10797,9694
E14000717,Great Yarmouth,47065,47065,41.6,52.8,1.6,0.1,0.6,1.2,5.6,1.4,98.1,0.0,0.0,19568,24851,775,56,301,558,2646,670,46171,0,0
E14000718,Greenwich and Woolwich,55717,55715,25.2,71.9,19.9,0.0,0.2,1.1,2.9,1.5,97.5,0.0,0.0,14020,40069,11103,1,112,633,1626,819,54301,0,0
E14000719,Guildford,46273,46272,38.8,56.4,3.2,0.2,0.8,1.2,4.8,1.2,99.4,0.0,0.0,17969,26099,1495,113,383,535,2204,564,45985,0,0
E14000720,Hackney North and Stoke Newington,48353,48353,27.7,71.2,9.0,0.0,0.0,0.0,1.1,0.0,98.9,0.0,0.0,13379,34426,4332,0,0,0,548,9,47808,0,0
E14000721,Hackney South and Shoreditch,54968,54966,35.0,60.9,12.8,0.0,0.0,0.4,4.1,0.5,95.9,0.0,0.0,19243,33454,7018,0,0,216,2253,251,52725,0,0
E14000722,Halesowen and Rowley Regis,40534,40533,23.1,76.7,0.4,0.0,0.0,0.0,0.2,0.9,99.9,0.0,0.0,9356,31084,143,0,3,7,93,385,40484,0,0
E14000723,Halifax,48144,48144,37.9,59.2,0.3,0.0,0.4,0.7,3.0,0.8,99.5,0.0,0.0,18237,28482,160,14,211,357,1425,405,47900,16,15
E14000724,Haltemprice and Howden,40399,40393,23.0,69.5,69.4,0.7,1.4,2.5,7.4,2.7,95.7,25.6,15.4,9311,28068,28017,295,551,1007,3004,1087,38673,10331,6233
E14000725,Halton,45332,45332,33.5,64.8,1.2,0.0,0.1,0.1,1.7,0.4,99.8,0.0,0.0,15183,29383,532,0,23,65,766,182,45239,10,0
E14000726,Hammersmith,47872,47872,28.1,66.9,25.8,0.0,0.1,0.4,5.1,0.6,95.0,0.0,0.0,13435,32010,12346,0,49,204,2427,268,45458,0,0
E14000727,Hampstead and Kilburn,45959,45959,19.6,78.8,11.5,0.0,0.0,0.0,1.6,0.1,98.4,0.0,0.0,8992,36209,5286,0,1,2,758,61,45211,0,0
E14000728,Harborough,45985,45985,43.3,54.4,1.3,0.1,0.3,0.5,2.3,0.6,99.6,0.0,0.0,19930,25011,607,36,115,211,1044,281,45807,0,0
E14000729,Harlow,43530,43529,7.9,86.8,2.6,0.1,0.2,1.4,5.3,1.7,95.5,0.0,0.0,3431,37805,1123,43,104,627,2293,724,41554,0,0
E14000730,Harrogate and Knaresborough,48362,48362,18.1,79.1,0.7,0.2,0.3,0.5,2.8,0.8,99.4,7.4,0.7,8749,38260,317,77,165,256,1353,364,48051,3591,327
E14000731,Harrow East,38415,38415,22.1,75.9,3.0,0.0,0.0,0.8,2.0,1.4,98.3,0.0,0.0,8471,29172,1140,0,2,318,772,532,37744,0,0
E14000732,Harrow West,41291,41285,31.1,67.2,4.6,0.0,0.0,0.4,1.8,0.8,98.3,0.0,0.0,12828,27732,1895,0,14,185,725,340,40570,0,0
E14000733,Hartlepool,45346,45346,8.3,89.3,0.6,0.2,0.4,1.1,2.4,1.5,98.0,1.3,0.0,3760,40476,291,111,202,490,1110,692,44440,595,2
E14000734,Harwich and North Essex,42139,42138,73.5,5.1,3.6,1.7,4.8,8.6,21.3,9.4,88.6,0.0,0.0,30992,2160,1500,731,2031,3624,8981,3965,37338,0,0
E14000735,Hastings and Rye,49297,49297,95.1,0.3,0.3,0.1,0.2,0.5,4.6,0.5,100.0,0.0,0.0,46887,134,134,38,105,236,2276,238,49279,0,0
E14000736,Havant,43043,43042,20.4,78.8,0.7,0.0,0.2,0.3,0.8,0.3,99.8,0.0,0.0,8784,33899,281,1,92,136,359,137,42971,0,0
E14000737,Hayes and Harlington,43229,43206,9.1,88.2,5.5,0.0,0.2,1.1,2.7,1.5,97.3,0.0,0.0,3930,38119,2388,21,104,477,1156,656,42054,0,0
E14000738,Hazel Grove,36791,36791,22.7,75.9,0.1,0.0,0.4,0.6,1.5,0.7,99.6,16.3,0.0,8342,27914,47,9,163,203,535,249,36627,5997,0
E14000739,Hemel Hempstead,45675,45675,23.6,72.3,1.5,0.3,0.6,1.6,4.1,2.0,98.3,0.0,0.0,10789,33012,704,134,273,741,1874,893,44895,0,0
E14000740,Hemsworth,45002,45002,84.8,6.8,3.8,0.1,1.1,1.8,8.4,1.8,97.8,0.7,0.0,38158,3056,1709,61,499,813,3788,825,44027,329,0
E14000741,Hendon,52613,52613,46.5,50.7,11.8,0.0,0.0,0.0,2.7,0.3,98.3,0.0,0.0,24489,26684,6230,1,2,22,1440,132,51715,0,0
E14000742,Henley,44449,44449,74.8,16.8,8.1,0.5,1.3,2.4,8.4,2.4,98.4,0.0,0.0,33248,7464,3600,214,557,1050,3737,1076,43759,0,0
E14000743,Hereford and South Herefordshire,45790,45789,79.6,8.4,8.4,1.0,2.1,4.5,12.0,4.7,93.6,0.2,0.0,36427,3866,3866,465,971,2050,5472,2174,42875,106,0
E14000744,Hertford and Stortford,49614,49611,20.2,76.1,2.2,0.1,0.5,0.9,3.7,0.9,98.5,0.0,0.0,10020,37754,1097,67,272,425,1837,463,48894,0,0
E14000745,Hertsmere,44920,44919,22.1,75.2,1.7,0.0,0.4,0.7,2.7,0.9,99.0,0.0,0.0,9919,33795,750,15,165,314,1205,412,44450,0,0
E14000746,Hexham,34761,34761,81.1,2.5,2.5,2.5,4.7,6.8,16.2,7.3,97.6,9.1,2.4,28174,861,861,877,1620,2369,5627,2548,33921,3146,818
E14000747,Heywood and Middleton,49341,49336,37.9,59.6,0.3,0.0,0.1,0.2,2.4,0.3,99.4,0.0,0.0,18706,29427,132,20,59,107,1203,172,49021,0,0
E14000748,High Peak,43648,43648,87.3,1.5,1.5,0.9,2.4,3.7,10.9,4.0,97.8,0.0,0.0,38087,674,674,382,1058,1596,4775,1747,42693,0,0
E14000749,Hitchin and Harpenden,44527,44524,44.4,49.6,0.7,0.4,0.8,1.7,6.0,1.9,97.9,0.0,0.0,19772,22096,300,196,374,766,2656,847,43597,0,0
E14000750,Holborn and St Pancras,59896,59896,13.4,83.2,10.4,0.0,0.0,0.0,3.3,0.1,96.7,0.0,0.0,8056,49847,6218,0,0,4,1990,36,57905,0,0
E14000751,Hornchurch and Upminster,46320,46320,18.5,79.3,1.2,0.1,0.3,0.6,2.2,0.8,98.8,0.0,0.0,8588,36729,552,49,122,289,1003,382,45770,0,0
E14000752,Hornsey and Wood Green,46764,46764,19.5,79.3,2.4,0.0,0.0,0.1,1.2,0.5,98.9,0.0,0.0,9121,37084,1118,0,0,64,559,231,46264,0,0
E14000753,Horsham,49461,49461,85.2,6.3,5.8,0.2,0.9,2.5,8.5,2.5,98.9,0.0,0.0,42132,3115,2890,105,434,1232,4214,1244,48933,0,0
E14000754,Houghton and Sunderland South,42189,42186,58.9,36.0,0.4,0.1,0.2,0.6,5.1,1.1,98.6,0.0,0.0,24834,15193,169,32,73,238,2159,447,41589,0,0
E14000755,Hove,43039,43039,43.3,55.4,0.9,0.0,0.0,0.2,1.3,0.4,98.8,0.0,0.0,18653,23843,379,0,3,71,543,155,42516,0,0
E14000756,Huddersfield,44795,44794,15.4,83.3,0.7,0.1,0.3,0.4,1.3,0.5,99.1,0.0,0.0,6883,37313,308,64,144,166,598,245,44401,0,0
E14000757,Huntingdon,53286,53285,25.8,70.5,2.3,0.2,0.4,1.2,3.7,1.5,98.8,0.0,0.0,13747,37587,1242,112,220,659,1946,791,52663,0,0
E14000758,Hyndburn,44043,44043,42.1,54.9,0.1,0.0,0.3,0.4,3.0,0.4,99.2,41.3,22.2,18552,24168,28,17,118,156,1323,168,43707,18171,9790
E14000759,Ilford North,40794,40794,21.6,76.9,0.8,0.0,0.2,0.6,1.5,1.1,98.8,0.0,0.0,8799,31372,318,8,74,236,623,446,40308,0,0
E14000760,Ilford South,44757,44757,35.9,62.3,18.5,0.0,0.0,0.1,1.8,0.1,98.3,0.0,0.0,16061,27868,8281,0,0,35,828,44,44010,0,0
E14000761,Ipswich,51522,51520,36.7,61.6,1.1,0.0,0.7,0.9,1.7,0.9,98.4,0.0,0.0,18895,31739,579,0,385,473,886,486,50684,0,0
E14000762,Isle of Wight,73235,73234,93.1,1.3,19.0,0.3,0.6,1.1,5.6,1.1,99.8,0.0,0.0,68173,942,13948,199,461,832,4119,834,73083,0,0
E14000763,Islington North,42831,42831,7.2,91.1,7.4,0.0,0.0,0.0,1.7,0.2,98.3,0.0,0.0,3089,39008,3161,0,0,0,734,70,42099,0,0
E14000764,Islington South and Finsbury,50811,50811,25.9,67.4,9.0,0.0,0.0,0.0,6.6,0.2,93.4,0.0,0.0,13180,34249,4594,0,0,8,3378,89,47438,0,0
E14000765,Jarrow,40168,40168,23.9,73.2,0.6,0.1,0.4,0.6,2.9,1.1,98.7,0.0,0.0,9601,29416,246,50,150,234,1151,443,39661,0,0
E14000766,Keighley,41894,41894,28.4,66.4,0.0,0.5,0.9,1.7,5.2,1.9,98.4,78.1,53.3,11890,27808,11,215,388,729,2196,813,41219,32730,22344
E14000767,Kenilworth and Southam,38246,38245,50.2,39.5,4.0,0.8,2.2,3.8,10.3,4.0,97.0,0.0,0.0,19183,15109,1535,324,838,1450,3953,1537,37116,0,0
E14000768,Kensington,45943,45943,16.4,79.3,6.8,0.0,0.0,0.3,4.3,0.8,95.7,0.0,0.0,7530,36453,3108,0,0,143,1960,365,43983,0,0
E14000769,Kettering,45814,45814,44.9,53.3,5.5,0.1,0.5,0.7,1.8,1.1,98.9,0.0,0.0,20573,24412,2521,47,214,316,829,522,45311,3,0
E14000770,Kingston and Surbiton,50504,50504,5.5,93.4,1.7,0.0,0.1,0.1,1.1,0.4,99.1,0.0,0.0,2769,47163,862,6,39,51,572,201,50037,0,0
E14000771,Kingston upon Hull East,42591,42583,1.9,89.8,89.7,0.0,0.3,5.1,8.4,5.2,91.6,12.5,10.8,793,38227,38225,7,145,2151,3560,2218,39020,5314,4584
E14000772,Kingston upon Hull North,42342,42278,0.2,73.6,73.6,0.0,0.8,9.4,25.9,10.4,73.8,21.7,11.4,89,31156,31156,3,352,3967,10980,4387,31245,9192,4844
E14000773,Kingston upon Hull West and Hessle,44502,44482,1.6,76.6,76.6,0.0,0.8,8.1,21.7,9.5,78.2,27.3,13.6,727,34084,34084,7,337,3614,9657,4210,34811,12149,6059
E14000774,Kingswood,39237,39237,9.3,89.8,2.4,0.0,0.0,0.1,0.8,0.1,99.9,0.0,0.0,3663,35253,942,2,6,38,321,49,39191,0,0
E14000775,Knowsley,49280,49277,33.1,66.0,4.4,0.0,0.1,0.1,0.9,0.2,99.7,4.0,0.0,16318,32502,2191,8,39,59,457,122,49155,1972,0
E14000776,Lancaster and Fleetwood,38923,38923,78.0,16.5,6.2,0.3,0.8,1.3,5.5,1.4,98.7,0.6,0.1,30343,6439,2397,132,301,524,2137,545,38429,235,47
E14000777,Leeds Central,70241,70235,30.0,62.6,10.7,0.0,0.2,0.8,7.4,1.3,92.6,0.0,0.0,21097,43950,7541,5,161,530,5188,897,65065,0,0
E14000778,Leeds East,43824,43824,15.8,83.5,0.7,0.0,0.1,0.3,0.7,0.9,99.4,0.3,0.0,6930,36595,320,0,56,151,299,388,43576,132,0
E14000779,Leeds North East,41437,41437,11.8,87.2,1.1,0.0,0.0,0.2,1.0,0.6,99.2,1.5,0.0,4893,36132,450,3,8,98,412,262,41105,640,0
E14000780,Leeds North West,36608,36608,24.7,70.5,0.4,0.0,0.4,1.5,4.8,1.7,96.9,18.3,0.6,9035,25804,138,16,133,551,1769,610,35491,6695,214
E14000781,Leeds West,45822,45822,38.3,61.1,0.4,0.1,0.1,0.2,0.6,0.5,99.7,0.0,0.0,17543,27987,161,26,64,84,292,231,45694,0,0
E14000782,Leicester East,43022,43022,25.0,74.1,1.9,0.0,0.0,0.4,0.9,0.7,99.4,0.0,0.0,10747,31882,824,0,13,192,393,307,42757,0,0
E14000783,Leicester South,50632,50631,14.9,83.1,4.5,0.0,0.0,0.1,1.9,0.1,98.1,0.0,0.0,7562,42100,2285,0,0,47,969,68,49672,0,0
E14000784,Leicester West,45709,45709,27.6,71.5,2.9,0.0,0.1,0.6,0.9,0.7,99.3,0.0,0.0,12624,32663,1308,7,33,281,422,335,45397,0,0
E14000785,Leigh,48699,48699,37.3,61.7,0.3,0.0,0.1,0.2,1.0,0.3,99.9,2.6,1.6,18172,30029,168,22,52,107,498,129,48658,1279,788
E14000786,Lewes,42418,42418,85.8,8.6,8.6,0.2,0.6,1.1,5.6,1.1,99.7,0.0,0.0,36396,3664,3659,98,260,467,2357,474,42308,0,0
E14000787,Lewisham East,43493,43493,36.1,63.2,3.0,0.0,0.0,0.1,0.7,0.1,99.8,0.0,0.0,15704,27506,1291,0,0,48,283,57,43417,0,0
E14000788,Lewisham West and Penge,48458,48457,26.9,70.2,15.0,0.0,0.0,0.4,2.9,0.6,97.5,0.0,0.0,13029,34032,7275,0,2,194,1396,312,47232,0,0
E14000789,"Lewisham, Deptford",53120,53120,37.5,57.4,14.6,0.0,0.0,0.1,5.2,0.6,94.9,0.0,0.0,19909,30475,7772,2,2,42,2736,332,50408,0,0
E14000790,Leyton and Wanstead,38997,38997,9.8,88.8,13.5,0.0,0.0,0.4,1.5,0.5,98.6,0.0,0.0,3806,34615,5259,0,1,157,576,201,38461,0,0
E14000791,Lichfield,43294,43291,30.1,65.1,1.7,0.3,0.9,1.7,4.9,1.8,99.2,0.0,0.0,13022,28167,733,132,399,751,2102,776,42930,0,0
E14000792,Lincoln,52177,52177,20.4,78.5,0.0,0.0,0.0,0.3,1.1,0.5,99.1,22.6,19.1,10639,40941,13,2,11,176,597,269,51724,11770,9964
E14000793,"Liverpool, Riverside",54826,54824,30.8,59.8,12.3,0.0,0.0,1.3,9.4,2.2,90.8,0.0,0.0,16886,32769,6720,0,0,701,5169,1188,49787,0,0
E14000794,"Liverpool, Walton",42945,42945,47.4,52.2,0.6,0.0,0.0,0.0,0.4,0.8,99.8,0.0,0.0,20340,22425,271,0,0,1,180,328,42860,0,0
E14000795,"Liverpool, Wavertree",41018,41018,16.9,82.9,2.5,0.0,0.0,0.0,0.2,0.1,99.9,0.0,0.0,6922,34021,1016,0,1,12,75,60,40981,0,0
E14000796,"Liverpool, West Derby",41570,41570,47.9,51.5,0.1,0.0,0.3,0.3,0.5,0.6,99.7,0.3,0.0,19923,21421,24,0,125,125,226,241,41458,118,0
E14000797,Loughborough,43972,43972,53.1,45.1,2.5,0.1,0.3,0.5,1.9,0.9,99.0,0.0,0.0,23339,19816,1105,23,148,238,817,403,43535,0,0
E14000798,Louth and Horncastle,49196,49196,72.1,11.7,1.2,2.2,4.5,7.2,16.2,7.5,97.4,10.9,3.9,35455,5778,604,1072,2213,3550,7948,3666,47903,5352,1913
E14000799,Ludlow,41406,41405,73.1,3.9,3.9,2.1,6.2,11.6,22.9,12.3,91.7,20.8,11.5,30257,1623,1623,867,2585,4797,9482,5112,37963,8596,4751
E14000800,Luton North,38280,38280,6.5,93.4,0.6,0.0,0.0,0.0,0.1,0.0,100.0,0.0,0.0,2498,35749,225,0,1,1,33,17,38280,0,0
E14000801,Luton South,46056,46056,9.7,88.9,6.5,0.1,0.3,0.4,1.4,0.5,99.2,0.0,0.0,4470,40950,2995,24,133,168,636,252,45696,0,0
E14000802,Macclesfield,45299,45297,19.6,74.1,1.9,0.3,1.3,2.8,6.3,2.9,98.5,9.7,2.4,8875,33551,879,152,580,1291,2871,1314,44617,4407,1080
E14000803,Maidenhead,45198,45198,27.3,64.5,4.9,0.3,1.0,2.0,8.2,2.4,97.0,0.0,0.0,12345,29140,2194,145,454,918,3713,1082,43846,0,0
E14000804,Maidstone and The Weald,47720,47715,47.2,43.3,0.5,0.2,3.1,4.6,9.5,4.7,95.9,0.0,0.0,22535,20664,259,107,1461,2195,4516,2259,45742,0,0
E14000805,Makerfield,44280,44280,30.6,68.1,0.1,0.0,0.0,0.0,1.2,0.2,99.8,11.6,0.2,13564,30176,50,0,8,18,540,86,44210,5135,84
E14000806,Maldon,40338,40338,77.6,5.9,2.7,0.4,1.8,3.7,16.6,3.9,94.1,0.0,0.0,31284,2372,1082,149,710,1480,6682,1573,37964,0,0
E14000807,Manchester Central,70434,70428,43.5,46.6,17.8,0.0,0.1,1.7,10.0,2.6,90.7,3.6,0.0,30623,32795,12554,26,98,1212,7010,1850,63918,2541,0
E14000808,"Manchester, Gorton",44524,44524,50.8,47.2,0.3,0.0,0.1,0.3,2.0,0.6,98.5,0.2,0.0,22613,21029,145,0,47,145,882,255,43845,96,0
E14000809,"Manchester, Withington",42016,42016,17.5,80.9,1.3,0.0,0.0,0.2,1.6,0.2,98.5,0.9,0.0,7340,33997,556,2,2,95,679,104,41394,396,0
E14000810,Mansfield,50844,50844,15.5,83.1,0.3,0.0,0.0,0.1,1.3,0.2,99.8,0.0,0.0,7892,42266,133,1,14,56,686,88,50726,0,0
E14000811,Meon Valley,42576,42575,33.5,56.5,2.6,0.7,2.0,3.7,9.5,4.4,96.2,0.0,0.0,14282,24060,1110,309,857,1555,4044,1879,40943,0,0
E14000812,Meriden,49827,49825,30.1,65.9,6.6,0.2,0.9,1.7,4.0,1.9,98.1,0.0,0.0,14998,32826,3280,75,450,856,2001,928,48888,0,0
E14000813,Mid Bedfordshire,47481,47459,37.3,55.0,4.4,0.2,0.8,2.0,7.7,2.2,97.9,0.0,0.0,17717,26102,2079,110,389,929,3640,1058,46496,0,0
E14000814,Mid Derbyshire,38794,38794,56.2,40.2,4.3,0.2,0.3,0.9,3.6,0.9,99.7,0.0,0.0,21800,15593,1650,73,120,339,1401,355,38666,0,0
E14000815,Mid Dorset and North Poole,37233,37233,47.4,45.1,5.8,0.2,0.5,1.1,7.6,1.2,97.7,0.1,0.1,17637,16782,2149,72,201,397,2814,436,36366,45,45
E14000816,Mid Norfolk,48256,48256,81.2,1.4,1.2,1.2,3.6,6.7,17.3,6.9,94.9,0.0,0.0,39200,676,595,571,1718,3233,8371,3335,45800,0,0
E14000817,Mid Sussex,49820,49820,86.6,7.7,7.7,0.1,0.3,0.9,5.6,0.9,99.4,0.0,0.0,43162,3854,3851,38,153,440,2804,457,49522,0,0
E14000818,Mid Worcestershire,46931,46906,85.8,5.0,2.8,0.3,1.0,2.0,9.2,2.3,98.4,0.0,0.0,40256,2332,1325,150,460,941,4318,1080,46198,0,0
E14000819,Middlesbrough,44279,44279,6.5,91.4,0.4,0.2,0.3,0.7,2.0,1.5,98.0,1.3,0.0,2897,40492,175,74,138,325,890,674,43408,563,0
E14000820,Middlesbrough South and East Cleveland,44201,44200,10.3,85.2,0.5,0.4,1.2,1.8,4.6,2.1,97.8,0.4,0.1,4540,37646,221,183,548,799,2012,925,43225,160,23
E14000821,Milton Keynes North,57225,57225,76.4,19.1,18.2,0.3,1.0,1.8,4.5,1.8,98.5,0.0,0.0,43701,10935,10440,194,596,1029,2589,1041,56374,0,0
E14000822,Milton Keynes South,58132,58132,77.7,19.6,16.9,0.0,0.5,0.6,2.7,0.6,99.1,0.0,0.0,45159,11378,9801,23,269,353,1595,362,57584,0,0
E14000823,Mitcham and Morden,42522,42522,15.0,83.7,3.3,0.0,0.1,0.1,1.3,0.8,98.7,0.0,0.0,6369,35582,1391,0,23,47,571,328,41952,0,0
E14000824,Mole Valley,43110,43108,45.1,45.3,4.6,0.2,0.9,1.8,9.6,1.9,99.0,0.0,0.0,19460,19511,1970,78,377,774,4118,808,42694,0,0
E14000825,Morecambe and Lunesdale,42586,42586,47.7,50.8,7.6,0.2,0.2,0.4,1.5,0.4,99.8,0.7,0.0,20324,21620,3248,88,99,153,640,176,42491,294,10
E14000826,Morley and Outwood,46680,46680,61.0,34.7,4.8,0.1,0.6,0.7,4.3,1.1,99.1,0.0,0.0,28483,16179,2251,59,282,346,2018,504,46271,0,0
E14000827,New Forest East,41700,41700,67.7,21.0,0.9,0.8,1.5,3.3,11.3,3.8,97.0,0.0,0.0,28247,8750,378,349,638,1390,4703,1594,40452,0,0
E14000828,New Forest West,42826,42826,76.9,14.3,14.3,0.9,1.7,2.6,8.8,2.6,99.1,0.0,0.0,32926,6130,6135,369,714,1102,3770,1109,42451,0,0
E14000829,Newark,47168,47162,49.0,44.9,3.6,0.5,1.5,2.2,6.0,2.4,98.5,0.9,0.2,23118,21192,1696,258,722,1060,2839,1132,46447,416,117
E14000830,Newbury,49910,49910,29.7,63.5,25.6,0.3,1.4,2.4,6.9,2.8,95.6,0.0,0.0,14804,31674,12793,151,682,1174,3432,1382,47732,0,0
E14000831,Newcastle upon Tyne Central,45091,45091,23.9,72.8,11.9,0.0,0.0,0.1,3.4,0.2,96.8,0.0,0.0,10757,32823,5364,0,6,29,1511,80,43633,0,0
E14000832,Newcastle upon Tyne East,43550,43550,28.9,68.7,6.8,0.0,0.0,0.5,2.4,0.8,97.8,0.0,0.0,12602,29903,2946,1,1,206,1045,362,42608,0,0
E14000833,Newcastle upon Tyne North,43691,43691,57.2,39.7,1.9,0.3,0.5,0.9,3.1,1.2,98.7,0.0,0.0,24984,17361,823,120,217,382,1346,546,43138,0,0
E14000834,Newcastle-under-Lyme,41305,41292,30.9,66.7,0.3,0.1,0.7,1.0,2.4,1.2,99.5,0.0,0.0,12745,27549,129,44,273,423,998,477,41087,0,0
E14000835,Newton Abbot,43566,43566,50.8,40.5,1.3,0.4,1.5,3.3,8.7,3.6,97.0,0.0,0.0,22140,17626,564,153,667,1425,3800,1553,42265,0,0
E14000836,"Normanton, Pontefract and Castleford",53555,53555,56.6,37.8,2.1,0.1,0.7,1.0,5.5,1.5,97.5,0.8,0.0,30338,20264,1140,32,377,556,2953,806,52222,421,0
E14000837,North Cornwall,47722,47722,53.0,33.0,33.0,1.2,3.5,6.2,14.0,6.5,94.6,0.0,0.0,25290,15731,15731,573,1659,2958,6697,3107,45132,0,0
E14000838,North Devon,46280,46279,82.9,1.9,1.9,1.8,4.1,7.7,15.1,8.2,93.8,0.0,0.0,38385,891,891,849,1920,3580,6997,3794,43418,0,0
E14000839,North Dorset,44878,44878,84.2,1.8,1.7,0.7,2.7,4.6,13.9,4.7,98.1,31.5,31.5,37805,814,743,310,1223,2076,6251,2114,44024,14143,14143
E14000840,North Durham,42449,42448,79.7,11.9,2.6,0.1,1.0,2.5,8.4,2.8,97.5,0.0,0.0,33822,5065,1088,45,420,1058,3561,1199,41395,0,0
E14000841,North East Bedfordshire,50041,50041,43.7,48.9,2.9,0.7,2.0,2.9,7.4,3.0,97.7,0.0,0.0,21866,24484,1460,369,1012,1445,3688,1526,48872,0,0
E14000842,North East Cambridgeshire,53693,53693,45.6,47.1,22.7,0.6,1.7,2.8,7.3,2.9,98.2,11.5,7.0,24463,25292,12207,335,916,1511,3937,1564,52743,6172,3773
E14000843,North East Derbyshire,42956,42956,86.5,2.7,1.1,0.5,1.4,2.6,10.8,2.6,98.9,0.0,0.0,37169,1159,471,214,602,1107,4628,1124,42493,0,0
E14000844,North East Hampshire,43452,43443,40.0,51.9,4.7,0.4,1.2,2.8,8.0,3.0,98.5,0.0,0.0,17397,22564,2058,155,532,1220,3482,1297,42806,0,0
E14000845,North East Hertfordshire,44689,44689,31.0,59.6,1.0,0.3,1.6,3.5,9.4,3.9,95.2,0.0,0.0,13855,26649,463,126,730,1557,4185,1726,42555,0,0
E14000846,North East Somerset,41032,41032,61.4,22.3,4.7,0.6,1.9,3.7,16.3,4.5,91.5,0.0,0.0,25182,9152,1947,226,764,1536,6685,1833,37547,0,0
E14000847,North Herefordshire,40651,40649,64.3,13.2,13.2,1.4,5.1,8.9,22.5,9.3,91.4,9.9,6.3,26134,5362,5362,554,2081,3626,9149,3783,37141,4025,2559
E14000848,North Norfolk,47414,47414,82.4,1.0,0.8,0.9,3.0,6.3,16.6,6.8,93.1,0.0,0.0,39076,473,388,447,1416,2988,7865,3242,44132,0,0
E14000849,North Shropshire,49199,49199,82.2,2.4,2.3,1.1,3.7,6.6,15.4,6.8,96.4,11.8,3.4,40427,1175,1127,532,1796,3247,7573,3365,47420,5785,1675
E14000850,North Somerset,46717,46717,45.7,46.1,1.2,0.8,1.6,2.9,8.2,3.2,97.3,0.0,0.0,21342,21539,566,356,759,1373,3836,1485,45472,0,0
E14000851,North Swindon,50983,50983,19.4,72.0,5.5,0.1,1.7,2.8,8.6,3.5,91.9,0.0,0.0,9874,36709,2791,64,864,1416,4400,1785,46848,0,0
E14000852,North Thanet,45284,45283,75.7,19.9,20.8,0.0,0.3,0.8,4.4,0.8,99.5,0.0,0.0,34269,9008,9403,10,157,377,2006,378,45045,0,0
E14000853,North Tyneside,52492,52491,55.3,42.0,0.4,0.0,0.2,1.2,2.6,1.4,98.7,0.0,0.0,29031,22071,185,1,124,645,1389,722,51820,0,0
E14000854,North Warwickshire,41863,41850,70.9,23.4,3.4,0.3,1.1,2.0,5.7,2.6,98.4,0.0,0.0,29666,9791,1437,137,479,855,2392,1080,41201,0,0
E14000855,North West Cambridgeshire,60070,60070,55.9,39.0,6.0,0.4,1.0,1.5,5.1,1.5,99.1,0.5,0.0,33609,23404,3611,220,583,901,3057,931,59555,304,0
E14000856,North West Durham,45501,45499,90.4,1.3,1.2,0.7,1.8,2.3,8.3,2.3,99.2,0.0,0.0,41129,587,555,338,816,1050,3783,1059,45125,0,0
E14000857,North West Hampshire,48321,48320,50.1,39.5,14.1,1.0,2.6,4.5,10.4,4.8,95.9,0.0,0.0,24223,19075,6794,488,1258,2171,5021,2304,46330,0,0
E14000858,North West Leicestershire,45661,45660,52.9,42.6,2.8,0.2,0.7,1.2,4.6,1.3,99.7,0.0,0.0,24134,19447,1276,82,327,543,2078,596,45509,0,0
E14000859,North West Norfolk,49731,49730,86.4,1.9,0.6,0.8,1.9,3.6,11.7,3.8,96.3,0.0,0.0,42974,922,323,417,936,1797,5825,1895,47871,0,0
E14000860,North Wiltshire,41986,41986,68.4,18.9,6.1,0.9,2.5,5.3,12.7,5.4,98.1,0.0,0.0,28717,7926,2545,364,1063,2216,5343,2267,41170,0,0
E14000861,Northampton North,39138,39138,25.1,74.3,1.6,0.0,0.0,0.0,0.6,0.5,99.4,0.7,0.0,9814,29074,634,0,0,5,250,187,38892,256,0
E14000862,Northampton South,45750,45728,27.5,71.7,3.8,0.0,0.0,0.1,0.7,0.6,99.3,2.0,0.0,12582,32813,1758,0,3,34,333,289,45417,919,0
E14000863,Norwich North,39949,39949,19.0,80.5,0.2,0.0,0.0,0.1,0.5,0.2,99.8,0.0,0.0,7609,32151,85,2,3,49,189,71,39851,0,0
E14000864,Norwich South,42648,42648,18.7,80.0,0.1,0.0,0.0,0.6,1.4,0.6,98.7,0.0,0.0,7962,34100,34,0,6,252,586,254,42106,0,0
E14000865,Nottingham East,47201,47201,46.2,50.7,6.2,0.0,0.0,0.0,3.2,0.0,96.9,0.0,0.0,21785,23916,2931,0,0,0,1500,6,45750,0,0
E14000866,Nottingham North,44663,44663,3.7,96.1,0.9,0.0,0.1,0.1,0.2,0.1,99.9,0.0,0.0,1655,42903,384,0,30,45,105,64,44602,0,0
E14000867,Nottingham South,48461,48461,19.8,78.1,7.0,0.0,0.1,0.4,2.1,0.7,97.9,0.0,0.0,9597,37840,3401,4,37,185,1024,322,47448,0,0
E14000868,Nuneaton,42381,42381,68.6,29.8,2.2,0.1,0.3,0.4,1.6,0.6,99.7,0.0,0.0,29076,12645,953,23,115,179,660,275,42248,0,0
E14000869,Old Bexley and Sidcup,37500,37500,34.7,62.9,0.5,0.0,0.0,0.6,2.4,0.9,99.0,0.0,0.0,13025,23578,201,1,8,207,897,353,37125,0,0
E14000870,Oldham East and Saddleworth,45914,45907,34.8,61.6,0.0,0.2,0.4,0.8,3.5,0.9,99.6,0.0,0.0,15997,28301,0,87,206,382,1609,399,45739,0,0
E14000871,Oldham West and Royton,44345,44345,10.8,88.9,0.1,0.0,0.0,0.0,0.3,0.2,99.9,0.0,0.0,4770,39440,57,0,1,22,135,75,44321,0,0
E14000872,Orpington,39511,39511,25.9,70.1,0.4,0.2,1.1,1.6,4.0,2.3,97.8,0.0,0.0,10240,27690,174,82,419,625,1581,920,38627,0,0
E14000873,Oxford East,47746,47745,16.2,82.3,1.2,0.0,0.1,0.5,1.5,1.0,98.5,0.0,0.0,7742,39275,569,0,27,227,728,472,47039,0,0
E14000874,Oxford West and Abingdon,48326,48323,15.7,82.8,5.4,0.0,0.1,0.2,1.5,0.2,99.5,0.0,0.0,7605,39993,2590,12,47,83,725,111,48079,0,0
E14000875,Pendle,41495,41495,40.1,55.9,0.8,0.3,0.7,1.3,4.0,1.5,99.3,59.5,21.4,16629,23209,322,145,307,528,1657,622,41190,25104,9023
E14000876,Penistone and Stocksbridge,41343,41343,76.7,8.1,1.6,0.6,1.7,4.1,15.1,5.0,90.2,0.0,0.0,31728,3367,657,257,687,1689,6248,2077,37274,0,0
E14000877,Penrith and The Border,42301,42299,74.1,5.0,3.0,4.3,7.9,11.8,20.7,12.4,92.9,3.4,2.9,31333,2102,1267,1822,3333,5011,8749,5256,39315,1427,1242
E14000878,Peterborough,52798,52798,18.3,79.7,0.5,0.1,0.4,0.6,2.0,0.6,99.1,0.0,0.0,9645,42082,263,49,192,315,1071,329,52307,0,0
E14000879,"Plymouth, Moor View",42515,42515,9.6,89.1,0.3,0.0,0.3,0.5,1.2,1.0,99.3,0.0,0.0,4098,37900,136,16,136,205,517,413,42224,0,0
E14000880,"Plymouth, Sutton and Devonport",49593,49593,9.2,88.8,0.0,0.0,0.1,0.7,2.0,1.7,98.0,0.0,0.0,4557,44026,21,0,30,359,1010,855,48600,0,0
E14000881,Poole,48563,48563,23.6,75.2,0.4,0.0,0.0,0.1,1.2,0.3,99.3,0.0,0.0,11455,36519,171,0,1,64,589,138,48227,0,0
E14000882,Poplar and Limehouse,69791,69790,25.6,66.7,46.7,0.0,0.1,0.6,7.7,0.7,92.4,0.0,0.0,17868,46565,32603,0,66,447,5352,513,64459,0,0
E14000883,Portsmouth North,42909,42906,9.9,88.6,4.0,0.0,0.3,0.6,1.5,1.3,98.5,0.0,0.0,4245,38000,1712,1,110,276,661,550,42246,0,0
E14000884,Portsmouth South,47561,47556,45.8,50.4,1.9,0.0,0.3,0.5,3.7,1.1,96.4,0.0,0.0,21800,23988,906,0,134,260,1768,544,45833,0,0
E14000885,Preston,44342,44342,22.4,75.9,1.2,0.0,0.0,0.2,1.7,0.2,99.0,68.0,61.7,9921,33652,547,0,0,108,769,110,43898,30133,27366
E14000886,Pudsey,43398,43398,40.0,57.8,1.0,0.0,0.0,0.3,2.2,0.7,98.7,19.9,3.0,17349,25075,452,4,18,120,974,316,42847,8646,1292
E14000887,Putney,43135,43135,35.3,62.0,27.2,0.0,0.0,0.1,2.7,0.3,97.3,0.0,0.0,15215,26734,11726,0,0,56,1186,110,41962,0,0
E14000888,Rayleigh and Wickford,43509,43509,70.7,22.8,1.2,0.0,0.2,0.6,6.5,0.7,97.3,0.0,0.0,30760,9916,503,2,92,250,2833,290,42343,0,0
E14000889,Reading East,48563,48563,19.8,77.1,6.1,0.0,0.0,0.1,3.0,0.3,97.2,0.0,0.0,9639,37444,2977,0,0,43,1480,157,47187,0,0
E14000890,Reading West,46275,46275,34.1,63.6,5.3,0.0,0.2,0.6,2.3,1.0,98.6,0.0,0.0,15763,29429,2460,7,96,276,1083,462,45608,0,0
E14000891,Redcar,42204,42204,5.8,92.9,0.2,0.2,0.4,0.9,1.3,1.2,98.9,0.6,0.0,2447,39218,77,80,168,395,539,512,41759,264,0
E14000892,Redditch,40161,40161,17.5,80.1,1.4,0.1,0.4,0.6,2.3,0.7,99.7,0.0,0.0,7042,32188,576,48,152,247,931,274,40043,0,0
E14000893,Reigate,45006,45005,26.5,69.6,1.0,0.2,0.5,0.7,3.9,0.7,99.7,0.0,0.0,11923,31308,451,72,223,331,1774,337,44876,0,0
E14000894,Ribble Valley,46553,46553,61.0,30.7,3.5,0.7,1.8,3.1,8.3,3.3,98.6,55.0,19.4,28389,14302,1621,325,833,1462,3857,1550,45913,25693,9049
E14000895,Richmond (Yorks),50430,50429,82.8,1.8,1.4,2.4,5.1,7.9,15.2,8.1,97.2,44.3,25.6,41769,919,692,1224,2550,3999,7687,4103,49042,24156,13956
E14000896,Richmond Park,51038,51034,14.0,84.4,6.9,0.0,0.0,0.1,1.5,0.3,99.5,0.0,0.0,7163,43101,3523,0,11,66,770,159,50786,0,0
E14000897,Rochdale,47601,47599,33.4,65.1,14.1,0.0,0.2,0.4,1.5,0.4,99.9,0.0,0.0,15879,30996,6724,8,74,167,724,180,47536,0,0
E14000898,Rochester and Strood,49181,49179,37.5,57.8,0.6,0.1,0.5,1.2,4.7,1.4,98.5,0.0,0.0,18439,28449,300,66,249,572,2291,707,48423,0,0
E14000899,Rochford and Southend East,47571,47568,27.7,68.2,1.3,0.0,0.1,0.5,4.0,1.0,97.4,0.0,0.0,13199,32466,613,2,57,224,1894,478,46346,0,0
E14000900,Romford,43760,43760,21.1,77.9,5.0,0.0,0.0,0.0,1.0,0.0,99.1,0.0,0.0,9234,34081,2180,11,14,18,445,19,43375,0,0
E14000901,Romsey and Southampton North,38803,38802,27.9,61.1,1.5,0.7,2.1,3.8,11.0,4.0,96.9,0.0,0.0,10826,23701,599,272,798,1456,4275,1568,37613,0,0
E14000902,Rossendale and Darwen,46221,46220,53.3,41.6,0.7,0.2,0.9,1.3,5.1,1.5,99.1,23.6,19.4,24647,19224,323,74,397,612,2349,676,45798,10901,8980
E14000903,Rother Valley,44233,44233,62.4,34.2,2.5,0.2,0.3,0.7,3.4,0.8,98.8,1.1,0.4,27588,15123,1087,67,147,300,1522,372,43721,469,157
E14000904,Rotherham,41644,41644,24.8,73.8,1.8,0.0,0.0,0.2,1.4,1.0,99.3,0.0,0.0,10327,30745,768,0,17,85,572,435,41345,0,0
E14000905,Rugby,45798,45797,59.1,35.6,0.9,0.6,1.1,1.8,5.3,2.1,97.3,0.0,0.0,27063,16308,397,263,526,825,2426,944,44540,0,0
E14000906,"Ruislip, Northwood and Pinner",41702,41702,21.9,76.4,1.6,0.0,0.1,0.7,1.7,0.9,98.7,0.0,0.0,9136,31877,650,14,45,283,689,361,41166,0,0
E14000907,Runnymede and Weybridge,47018,46997,27.7,69.3,1.7,0.0,0.1,0.5,3.0,0.6,99.7,0.0,0.0,13009,32591,777,18,60,212,1397,263,46856,0,0
E14000908,Rushcliffe,43345,43343,28.2,68.2,2.0,0.2,1.0,1.5,3.6,1.5,99.6,0.7,0.0,12207,29555,872,105,418,643,1581,664,43187,299,1
E14000909,Rutland and Melton,47439,47433,60.7,30.9,4.9,0.6,1.4,2.7,8.3,3.0,97.7,1.2,0.7,28772,14667,2325,273,662,1284,3937,1429,46328,563,326
E14000910,Saffron Walden,48100,48096,63.1,17.1,3.2,1.3,3.8,8.0,19.6,8.7,88.8,0.0,0.0,30333,8234,1533,631,1804,3828,9413,4201,42732,0,0
E14000911,Salford and Eccles,58870,58870,18.3,76.7,16.4,0.0,1.1,2.5,5.0,3.4,95.2,2.4,0.0,10795,45138,9667,0,674,1460,2937,2031,56032,1417,0
E14000912,Salisbury,44984,44984,36.6,58.1,3.9,0.1,0.7,1.3,5.3,1.5,99.2,0.2,0.2,16468,26142,1747,67,308,605,2374,653,44604,68,68
E14000913,Scarborough and Whitby,49565,49565,90.7,0.7,0.5,0.8,1.5,2.4,8.7,2.7,96.9,2.0,0.0,44938,327,272,418,768,1166,4297,1326,48049,1006,0
E14000914,Scunthorpe,40817,40817,21.2,76.9,0.5,0.4,0.7,0.9,1.8,1.1,99.5,53.2,43.8,8672,31395,208,144,266,376,750,440,40613,21727,17858
E14000915,Sedgefield,40374,40373,82.6,5.6,0.9,0.9,2.4,3.9,11.8,4.1,95.6,4.4,1.2,33360,2268,377,376,971,1563,4744,1656,38604,1799,480
E14000916,Sefton Central,37977,37975,31.4,65.7,0.2,0.3,0.5,0.7,2.9,0.7,99.7,0.1,0.0,11924,24947,78,102,175,274,1104,278,37852,30,0
E14000917,Selby and Ainsty,45167,45167,78.3,7.4,6.6,1.5,2.6,3.7,14.3,3.8,96.9,20.7,18.4,35359,3347,2959,656,1190,1651,6460,1709,43786,9632,8550
E14000918,Sevenoaks,42032,42030,65.1,26.5,1.6,0.4,0.9,1.9,8.4,2.0,99.3,0.0,0.0,27349,11153,656,184,397,816,3522,828,41733,0,0
E14000919,Sheffield Central,55849,55849,36.9,51.5,5.0,0.0,0.5,2.2,11.5,3.5,88.5,0.0,0.0,20624,28778,2798,1,268,1223,6447,1930,49436,0,0
E14000920,Sheffield South East,42970,42970,67.6,29.7,1.0,0.0,0.1,0.4,2.7,0.7,98.9,0.0,0.0,29056,12750,426,7,40,173,1164,304,42498,0,0
E14000921,"Sheffield, Brightside and Hillsborough",47564,47563,46.6,52.5,0.2,0.0,0.0,0.2,1.0,0.6,99.7,0.0,0.0,22143,24951,101,0,0,111,469,305,47426,0,0
E14000922,"Sheffield, Hallam",39004,39004,79.7,14.8,0.0,0.1,0.3,0.5,5.5,0.6,99.4,0.0,0.0,31093,5784,14,52,116,212,2127,247,38778,0,0
E14000923,"Sheffield, Heeley",44649,44649,46.7,48.9,0.0,0.0,0.0,0.0,4.4,0.1,97.5,0.0,0.0,20846,21841,13,0,0,9,1962,57,43555,0,0
E14000924,Sherwood,46087,46085,27.5,69.1,9.6,0.2,0.8,1.0,3.4,1.1,99.2,0.0,0.0,12678,31839,4413,83,376,479,1568,513,45709,0,0
E14000925,Shipley,43508,43508,30.6,65.6,5.7,0.1,0.6,1.1,3.8,1.2,98.6,47.4,20.7,13298,28546,2484,48,263,470,1664,538,42904,20638,9002
E14000926,Shrewsbury and Atcham,49524,49523,75.3,12.5,9.7,0.5,2.0,3.7,12.3,4.3,94.1,13.9,6.9,37287,6169,4809,267,978,1817,6067,2122,46589,6896,3419
E14000927,Sittingbourne and Sheppey,50293,50293,59.3,35.5,1.3,0.2,0.6,1.3,5.2,1.4,99.1,0.0,0.0,29819,17874,653,82,318,654,2598,717,49846,0,0
E14000928,Skipton and Ripon,48947,48947,78.1,6.4,5.6,2.0,4.5,7.1,15.5,7.3,96.2,29.7,19.0,38216,3125,2734,992,2199,3477,7590,3583,47096,14580,9333
E14000929,Sleaford and North Hykeham,53201,53201,67.5,23.5,1.0,1.2,2.6,3.7,9.0,3.8,97.6,3.2,2.2,35898,12493,522,659,1380,1971,4810,2036,51946,1726,1178
E14000930,Slough,52258,52257,14.5,84.3,3.7,0.1,0.1,0.3,1.2,0.5,99.7,0.0,0.0,7590,44049,1931,32,55,168,618,284,52079,0,0
E14000931,Solihull,44297,44297,9.2,89.4,0.6,0.0,0.0,0.6,1.4,0.9,98.6,0.0,0.0,4066,39612,260,0,5,245,619,388,43687,0,0
E14000932,Somerton and Frome,50058,50057,57.0,23.6,2.1,1.1,4.7,9.5,19.4,10.2,93.5,7.6,7.6,28526,11825,1065,529,2349,4765,9706,5105,46816,3799,3799
E14000933,South Basildon and East Thurrock,43191,43191,28.3,65.5,2.5,1.1,1.8,2.2,6.2,2.3,96.5,0.0,0.0,12210,28307,1065,477,761,950,2674,1004,41684,0,0
E14000934,South Cambridgeshire,49735,49734,39.9,55.0,15.2,0.2,0.7,1.3,5.0,1.5,98.5,0.2,0.1,19849,27375,7582,122,341,639,2510,754,48990,120,54
E14000935,South Derbyshire,44898,44898,77.8,13.5,5.3,0.4,2.0,2.9,8.8,3.2,98.6,0.0,0.0,34922,6045,2364,180,881,1291,3931,1455,44253,0,0
E14000936,South Dorset,46940,46940,93.0,0.5,0.5,0.4,0.8,1.5,6.4,2.0,98.9,0.0,0.0,43647,251,251,186,389,697,3026,921,46433,0,0
E14000937,South East Cambridgeshire,52144,52144,48.4,45.0,1.4,0.4,1.1,2.2,6.6,2.5,98.8,16.5,13.5,25244,23445,751,205,579,1143,3445,1296,51528,8595,7016
E14000938,South East Cornwall,44587,44586,55.3,33.7,19.0,0.8,2.1,3.4,11.0,3.7,96.7,1.8,1.6,24671,15017,8482,378,945,1538,4894,1657,43111,808,696
E14000939,South Holland and The Deepings,47755,47755,82.4,3.0,2.5,0.7,2.8,5.3,14.6,5.4,98.0,0.5,0.4,39337,1443,1174,319,1359,2520,6975,2577,46780,216,210
E14000940,South Leicestershire,46635,46635,47.0,48.1,38.0,0.2,1.3,1.6,4.9,1.7,97.4,0.0,0.0,21928,22417,17709,98,604,732,2290,792,45441,0,0
E14000941,South Norfolk,49532,49530,79.1,3.4,1.0,0.8,2.7,5.6,17.5,6.1,95.0,0.0,0.0,39179,1695,481,381,1357,2793,8656,3015,47042,0,0
E14000942,South Northamptonshire,51431,51429,66.6,25.3,7.5,0.4,2.7,4.4,8.0,4.6,95.1,0.6,0.4,34260,13035,3862,185,1406,2253,4134,2377,48919,306,193
E14000943,South Ribble,44385,44385,45.1,49.3,2.4,0.3,0.8,1.5,5.5,1.9,98.7,37.0,24.3,20030,21897,1044,114,348,686,2458,824,43796,16419,10794
E14000944,South Shields,41750,41750,16.7,82.5,0.0,0.0,0.0,0.1,0.8,0.5,99.7,0.0,0.0,6988,34423,0,8,9,50,339,204,41611,0,0
E14000945,South Staffordshire,41475,41475,71.7,19.5,18.5,0.2,0.9,2.7,8.7,2.8,99.1,0.0,0.0,29744,8107,7667,77,358,1135,3624,1157,41111,0,0
E14000946,South Suffolk,43495,43494,83.6,5.5,4.1,1.0,2.0,3.4,10.9,3.5,98.0,0.0,0.0,36350,2385,1804,433,884,1459,4757,1534,42621,0,0
E14000947,South Swindon,47802,47802,7.9,83.2,5.1,0.0,0.7,2.8,9.0,3.9,91.2,0.0,0.0,3763,39756,2435,12,344,1344,4282,1843,43604,0,0
E14000948,South Thanet,47242,47242,86.1,8.2,8.2,0.2,0.6,1.3,5.7,1.3,99.3,0.0,0.0,40675,3863,3868,76,268,613,2704,627,46916,0,0
E14000949,South West Bedfordshire,48298,48297,31.5,65.0,1.0,0.0,0.3,1.0,3.5,1.2,98.6,0.0,0.0,15198,31392,500,17,167,498,1707,557,47613,0,0
E14000950,South West Devon,41269,41267,25.9,65.6,11.8,0.2,1.1,3.4,8.6,4.1,96.9,16.0,14.0,10673,27061,4886,99,452,1395,3533,1678,39978,6594,5769
E14000951,South West Hertfordshire,46459,46458,34.6,59.3,1.2,0.2,0.5,1.5,6.1,1.6,98.8,0.0,0.0,16079,27543,554,105,251,700,2836,725,45907,0,0
E14000952,South West Norfolk,49151,49147,81.3,2.2,0.7,1.7,3.5,6.2,16.5,6.3,96.8,4.6,0.7,39947,1096,352,817,1724,3029,8099,3117,47587,2273,325
E14000953,South West Surrey,46586,46583,78.5,12.9,2.1,0.3,0.7,1.5,8.6,1.5,98.4,0.0,0.0,36547,6012,976,147,338,682,4024,689,45859,0,0
E14000954,South West Wiltshire,48058,48058,33.9,59.5,2.1,0.4,1.1,2.0,6.6,2.2,98.7,5.3,5.3,16308,28578,1013,212,521,965,3172,1035,47421,2550,2550
E14000955,"Southampton, Itchen",50197,50195,15.8,80.0,8.5,0.0,0.0,1.1,4.2,1.6,95.9,0.0,0.0,7943,40154,4259,0,0,548,2098,806,48124,0,0
E14000956,"Southampton, Test",48203,48202,15.1,83.3,5.1,0.0,0.0,0.6,1.6,0.9,98.4,0.0,0.0,7286,40136,2482,0,4,280,780,416,47432,0,0
E14000957,Southend West,41324,41324,54.7,39.8,0.5,0.0,0.0,0.0,5.5,0.0,95.8,0.0,0.0,22602,16437,210,0,0,2,2285,9,39603,0,0
E14000958,Southport,43568,43567,70.7,27.3,0.2,0.0,0.0,0.1,2.0,0.1,99.7,0.4,0.0,30804,11901,84,1,20,36,862,40,43428,156,0
E14000959,Spelthorne,43576,43576,11.3,87.0,26.3,0.0,0.0,0.3,1.8,1.0,98.8,0.0,0.0,4915,37896,11449,0,8,124,765,443,43064,0,0
E14000960,St Albans,44028,44028,31.0,66.1,0.7,0.0,0.1,0.2,2.9,0.2,99.2,0.0,0.0,13638,29111,288,3,29,84,1279,109,43685,0,0
E14000961,St Austell and Newquay,50713,50712,62.8,28.4,24.1,0.3,1.2,2.2,8.8,2.6,96.7,0.0,0.0,31851,14418,12210,177,628,1139,4443,1295,49040,0,0
E14000962,St Helens North,46019,46019,27.3,70.2,0.7,0.2,0.5,1.2,2.5,1.4,99.3,11.2,1.7,12580,32310,303,82,236,569,1129,633,45684,5143,779
E14000963,St Helens South and Whiston,49486,49483,24.2,74.2,2.4,0.1,0.4,0.6,1.6,1.6,99.2,19.7,0.0,11988,36706,1183,26,217,296,789,790,49104,9731,0
E14000964,St Ives,46369,46369,55.3,35.0,35.0,0.5,1.1,2.8,9.7,3.0,96.2,0.0,0.0,25655,16216,16216,237,528,1276,4497,1377,44608,0,0
E14000965,Stafford,44310,44309,24.0,71.0,1.3,0.2,0.9,1.9,5.0,2.0,98.6,0.0,0.0,10652,31443,578,100,395,822,2214,907,43680,0,0
E14000966,Staffordshire Moorlands,36293,36293,54.7,34.6,0.5,1.1,2.6,5.1,10.7,5.4,97.1,0.0,0.0,19846,12572,164,399,931,1849,3875,1943,35254,0,0
E14000967,Stalybridge and Hyde,43861,43849,83.9,10.7,0.1,0.0,0.0,0.2,5.4,0.3,99.8,0.0,0.0,36782,4712,55,7,17,106,2355,126,43752,0,0
E14000968,Stevenage,42888,42888,13.5,83.9,0.0,0.0,0.2,0.5,2.6,0.6,98.4,0.0,0.0,5802,35985,19,0,68,194,1101,244,42185,0,0
E14000969,Stockport,41772,41771,22.7,76.6,0.3,0.0,0.2,0.2,0.6,0.3,99.4,8.0,0.0,9500,32000,124,0,65,65,271,106,41519,3326,0
E14000970,Stockton North,42789,42788,11.1,85.5,1.4,0.2,0.7,1.2,3.4,2.1,97.9,8.8,0.6,4741,36598,607,85,295,527,1448,890,41889,3798,249
E14000971,Stockton South,45802,45802,32.8,62.9,3.4,0.0,1.3,2.0,4.3,3.9,95.9,15.0,3.3,15029,28814,1572,13,600,923,1959,1771,43922,6915,1542
E14000972,Stoke-on-Trent Central,41305,41305,26.5,72.6,0.0,0.0,0.1,0.3,0.9,1.4,99.2,0.0,0.0,10948,29970,14,0,48,115,387,598,40957,0,0
E14000973,Stoke-on-Trent North,46171,46171,23.9,75.4,0.0,0.0,0.0,0.2,0.7,0.4,99.6,0.0,0.0,11047,34813,0,0,10,83,311,174,46002,0,0
E14000974,Stoke-on-Trent South,41479,41479,35.5,62.0,0.2,0.0,0.1,0.2,2.5,0.3,99.8,0.0,0.0,14723,25714,87,0,26,73,1042,105,41381,0,0
E14000975,Stone,39316,39316,64.3,23.6,2.8,0.7,2.6,4.7,12.1,4.8,97.7,0.0,0.0,25275,9290,1119,269,1028,1864,4751,1904,38396,0,0
E14000976,Stourbridge,40559,40559,5.7,93.2,0.0,0.0,0.0,0.3,1.1,0.4,99.6,0.0,0.0,2324,37787,2,0,2,123,448,142,40410,0,0
E14000977,Stratford-on-Avon,44876,44876,59.1,28.3,2.4,0.7,2.2,4.2,12.6,4.5,96.0,0.0,0.0,26500,12694,1082,302,977,1866,5676,2019,43103,0,0
E14000978,Streatham,43550,43550,49.1,45.3,6.9,0.0,0.0,0.0,5.6,0.2,94.8,0.0,0.0,21368,19737,3020,0,1,2,2445,89,41289,0,0
E14000979,Stretford and Urmston,45038,45037,34.7,64.4,3.4,0.0,0.1,0.1,0.9,0.1,99.6,1.3,0.0,15629,29013,1553,1,31,52,395,66,44850,594,0
E14000980,Stroud,48219,48219,81.4,5.9,3.0,0.4,1.6,3.1,12.7,3.6,94.0,7.1,1.2,39251,2854,1467,210,793,1504,6114,1755,45332,3410,579
E14000981,Suffolk Coastal,54158,54150,70.1,17.1,3.1,0.6,1.9,3.9,12.7,4.3,96.1,0.0,0.0,37953,9286,1676,330,1048,2114,6887,2342,52043,0,0
E14000982,Sunderland Central,47556,47555,47.0,51.3,0.8,0.2,0.5,0.6,1.7,0.8,98.6,0.0,0.0,22367,24382,360,96,259,290,806,364,46872,0,0
E14000983,Surrey Heath,46186,46186,23.6,73.2,4.3,0.0,0.2,0.4,3.2,0.4,99.5,0.0,0.0,10918,33797,2007,14,92,166,1471,175,45953,0,0
E14000984,Sutton and Cheam,43234,43234,13.9,84.6,2.0,0.0,0.0,0.0,1.5,0.0,98.7,0.0,0.0,6022,36578,874,0,0,0,634,5,42660,0,0
E14000985,Sutton Coldfield,42732,42732,19.1,79.0,1.0,0.1,0.2,0.6,1.9,1.5,98.2,0.0,0.0,8165,33758,444,27,81,243,809,621,41965,0,0
E14000986,Tamworth,41861,41859,21.4,75.5,0.5,0.3,0.5,1.0,3.1,1.2,99.8,0.0,0.0,8964,31610,224,133,225,438,1285,512,41779,0,0
E14000987,Tatton,40914,40911,44.9,45.5,4.0,0.7,1.5,2.9,9.6,3.1,98.6,5.1,0.0,18358,18634,1625,283,619,1202,3919,1268,40337,2103,0
E14000988,Taunton Deane,55519,55519,78.4,9.4,3.5,0.7,3.0,5.1,12.2,5.8,94.0,0.0,0.0,43534,5236,1929,371,1678,2840,6749,3220,52208,0,0
E14000989,Telford,43320,43320,33.8,64.4,1.8,0.0,0.3,0.4,1.7,0.6,99.0,0.0,0.0,14654,27917,798,0,147,155,749,244,42890,0,0
E14000990,Tewkesbury,49554,49542,37.7,53.4,9.5,0.7,1.9,3.8,8.7,4.6,93.3,12.3,0.0,18704,26483,4716,341,924,1883,4326,2298,46222,6077,0
E14000991,The Cotswolds,50734,50733,61.9,23.5,23.5,0.5,2.6,4.6,14.6,5.2,90.8,0.0,0.0,31424,11922,11921,251,1295,2340,7385,2638,46051,4,0
E14000992,The Wrekin,41992,41990,31.0,64.5,1.1,0.2,0.8,1.5,4.5,1.6,99.5,0.2,0.0,13032,27069,464,104,328,645,1889,674,41798,91,2
E14000993,Thirsk and Malton,49948,49947,78.8,4.3,4.3,2.6,5.1,8.7,16.7,9.2,94.9,29.5,11.6,39349,2164,2144,1322,2568,4364,8342,4575,47396,15186,5980
E14000994,Thornbury and Yate,38013,38013,37.5,55.6,4.9,0.4,1.0,2.0,6.9,2.4,99.1,0.0,0.0,14240,21141,1853,143,376,772,2632,897,37682,0,0
E14000995,Thurrock,51490,51488,16.5,79.9,8.8,0.0,0.2,2.3,3.6,2.7,96.9,0.0,0.0,8482,41140,4511,11,117,1175,1866,1391,49873,0,0
E14000996,Tiverton and Honiton,49334,49333,76.9,2.3,2.3,1.4,4.4,8.6,20.8,9.1,92.0,0.0,0.0,37914,1130,1130,709,2170,4252,10265,4477,45399,0,0
E14000997,Tonbridge and Malling,45194,45193,43.1,47.6,4.6,0.5,1.4,2.5,9.4,2.7,97.8,0.0,0.0,19464,21496,2060,239,634,1151,4233,1215,44201,0,0
E14000998,Tooting,40083,40083,43.6,52.9,2.9,0.0,0.0,0.2,3.5,0.5,96.5,0.0,0.0,17478,21194,1178,0,0,92,1411,210,38692,0,0
E14000999,Torbay,49417,49383,37.9,57.0,4.7,0.0,0.0,0.3,5.0,0.5,97.2,0.0,0.0,18737,28154,2333,0,2,151,2492,254,48017,0,0
E14001000,Torridge and West Devon,48670,48668,77.6,2.3,2.3,2.5,6.8,11.4,20.1,11.8,93.7,1.2,0.0,37785,1099,1099,1215,3311,5540,9780,5752,45605,569,0
E14001001,Totnes,47592,47591,76.9,6.7,0.6,0.7,2.9,5.6,16.4,5.8,95.3,1.9,0.3,36614,3174,282,322,1379,2673,7803,2767,45338,888,126
E14001002,Tottenham,48026,48026,9.1,90.2,4.6,0.0,0.2,0.4,0.6,1.1,99.4,0.0,0.0,4380,43338,2229,0,103,180,308,510,47721,0,0
E14001003,Truro and Falmouth,47187,47187,53.8,35.7,35.5,0.3,1.2,2.4,10.5,2.7,96.1,0.0,0.0,25385,16869,16768,163,543,1146,4932,1268,45334,0,0
E14001004,Tunbridge Wells,46303,46302,41.8,48.8,2.8,0.2,1.5,3.2,9.4,3.7,96.7,0.0,0.0,19338,22618,1289,114,688,1466,4346,1726,44757,0,0
E14001005,Twickenham,49949,49948,14.1,84.9,5.1,0.0,0.0,0.2,0.9,0.4,99.2,0.0,0.0,7059,42423,2566,0,2,89,466,209,49547,0,0
E14001006,Tynemouth,47964,47964,15.8,83.2,0.6,0.0,0.2,0.3,1.0,0.5,99.5,0.0,0.0,7562,39926,284,5,84,125,476,235,47748,0,0
E14001007,Uxbridge and South Ruislip,42326,42325,9.3,87.4,2.1,0.0,0.5,1.1,3.3,1.5,96.7,0.0,0.0,3944,36994,900,19,222,475,1387,615,40949,0,0
E14001008,Vauxhall,52714,52713,20.3,77.8,22.7,0.0,0.0,0.0,1.9,0.0,98.2,0.0,0.0,10711,41011,11965,0,0,6,991,8,51759,0,0
E14001009,Wakefield,46441,46441,47.2,50.5,7.6,0.0,0.1,0.3,2.4,0.9,98.9,0.0,0.0,21909,23437,3549,11,37,158,1095,399,45918,0,0
E14001010,Wallasey,42131,42131,49.2,48.4,0.5,0.0,0.0,0.1,2.5,0.7,98.7,0.0,0.0,20710,20381,199,0,5,63,1040,308,41594,0,0
E14001011,Walsall North,41947,41947,15.7,83.3,7.0,0.0,0.0,0.2,1.0,0.8,99.2,0.0,0.0,6587,34950,2940,0,0,87,410,352,41603,0,0
E14001012,Walsall South,41142,41140,30.8,67.6,0.5,0.0,0.0,0.1,1.6,0.2,99.5,0.0,0.0,12678,27822,194,0,11,55,640,81,40944,0,0
E14001013,Walthamstow,44610,44610,6.2,91.6,27.6,0.0,0.0,1.0,2.3,1.6,97.9,0.0,0.0,2758,40841,12321,0,0,459,1011,733,43657,0,0
E14001014,Wansbeck,39039,39039,94.8,1.2,0.6,0.2,0.3,0.4,4.0,0.4,99.8,0.0,0.0,36992,475,243,79,131,173,1572,173,38946,0,0
E14001015,Wantage,53350,53350,37.8,57.2,17.5,0.3,0.6,1.4,5.0,1.4,99.4,0.0,0.0,20151,30533,9359,139,316,724,2666,736,53050,0,0
E14001016,Warley,40127,40127,42.0,57.4,0.9,0.0,0.0,0.1,0.7,0.1,99.6,0.0,0.0,16841,23021,365,0,5,23,265,38,39947,0,0
E14001017,Warrington North,45095,45094,37.8,59.7,0.9,0.1,0.2,0.3,2.5,0.5,99.7,1.2,0.0,17050,26911,415,47,69,150,1133,209,44956,537,22
E14001018,Warrington South,51202,51201,38.7,58.1,0.6,0.0,0.2,0.3,3.2,0.3,99.5,0.0,0.0,19808,29747,295,15,87,156,1646,157,50949,0,0
E14001019,Warwick and Leamington,47530,47523,36.9,60.1,5.6,0.0,1.5,1.6,3.0,1.7,98.1,0.0,0.0,17542,28577,2659,10,722,781,1404,805,46633,0,0
E14001020,Washington and Sunderland West,40842,40836,23.8,73.6,0.0,0.1,0.4,1.2,2.6,1.5,98.5,0.0,0.0,9719,30069,0,33,144,501,1048,620,40233,0,0
E14001021,Watford,51295,51293,22.3,76.2,1.0,0.0,0.0,0.6,1.5,0.8,99.0,0.0,0.0,11442,39082,490,4,24,296,769,392,50762,0,0
E14001022,Waveney,50345,50339,91.6,2.1,2.1,0.2,0.6,1.3,6.2,1.5,98.3,0.0,0.0,46120,1058,1058,86,287,655,3111,762,49484,0,0
E14001023,Wealden,47320,47320,85.0,5.3,5.2,0.4,1.2,2.3,9.7,2.3,99.5,0.0,0.0,40239,2485,2468,187,566,1075,4596,1107,47088,0,0
E14001024,Weaver Vale,41934,41932,71.9,22.4,2.0,0.2,0.9,1.6,5.7,1.6,99.4,0.0,0.0,30159,9374,859,86,371,659,2399,672,41703,0,0
E14001025,Wellingborough,51165,51165,50.9,46.9,1.8,0.0,0.3,0.6,2.2,0.7,99.0,9.0,8.9,26028,24000,927,10,157,327,1137,367,50635,4615,4567
E14001026,Wells,50432,50432,84.1,1.9,1.6,1.0,2.3,4.4,14.0,4.6,94.6,0.0,0.0,42418,947,784,518,1172,2210,7067,2315,47723,0,0
E14001027,Welwyn Hatfield,46936,46936,27.7,67.8,2.0,0.1,0.3,1.1,4.4,1.5,98.6,0.0,0.0,13019,31829,953,34,150,500,2088,722,46297,0,0
E14001028,Wentworth and Dearne,46584,46584,54.4,42.5,10.2,0.0,0.5,0.6,3.1,0.9,98.9,0.0,0.0,25354,19791,4739,16,245,296,1439,428,46070,0,0
E14001029,West Bromwich East,38790,38790,26.0,73.4,0.2,0.0,0.0,0.2,0.6,0.5,99.6,0.0,0.0,10070,28484,84,6,7,67,236,194,38651,0,0
E14001030,West Bromwich West,40845,40845,36.3,63.4,0.3,0.0,0.0,0.1,0.3,0.2,99.8,0.0,0.0,14841,25886,123,0,0,35,118,68,40760,0,0
E14001031,West Dorset,51474,51472,85.4,3.9,3.8,0.4,1.8,3.9,10.8,3.9,97.2,3.4,3.4,43949,1989,1970,225,902,1988,5534,2031,50054,1771,1771
E14001032,West Ham,65735,65734,9.3,88.2,16.0,0.0,0.0,0.4,2.5,0.6,97.5,0.0,0.0,6103,57993,10515,0,2,231,1638,391,64101,0,0
E14001033,West Lancashire,42906,42906,78.1,14.0,10.6,0.7,1.9,3.1,7.9,3.5,97.6,14.9,3.2,33519,6011,4550,315,812,1310,3374,1520,41892,6374,1366
E14001034,West Suffolk,53738,53730,73.3,17.5,0.7,0.8,1.9,2.8,9.2,2.9,98.1,0.2,0.0,39416,9388,391,411,1008,1517,4921,1548,52741,118,0
E14001035,West Worcestershire,45164,45164,81.7,2.4,2.3,0.8,3.1,6.0,15.9,6.3,96.2,0.0,0.0,36893,1069,1042,347,1401,2698,7202,2859,43438,9,0
E14001036,Westminster North,44502,44500,70.4,24.2,17.4,0.0,0.0,0.0,5.4,0.0,94.6,0.0,0.0,31333,10783,7763,0,0,3,2383,7,42117,0,0
E14001037,Westmorland and Lonsdale,46999,46998,83.1,6.5,6.5,0.9,2.2,3.8,10.2,4.1,97.2,45.1,38.1,39077,3053,3053,424,1043,1771,4787,1942,45702,21201,17909
E14001038,Weston-Super-Mare,50406,50405,79.3,10.1,4.4,0.2,0.6,1.9,10.6,2.1,95.6,0.0,0.0,39950,5116,2240,125,325,979,5339,1063,48197,0,0
E14001039,Wigan,48751,48748,31.6,67.0,0.6,0.0,0.1,0.3,1.3,0.5,99.6,32.4,0.5,15418,32672,316,9,68,170,658,230,48575,15778,260
E14001040,Wimbledon,42548,42547,16.9,82.3,1.1,0.0,0.0,0.2,0.8,0.6,99.3,0.0,0.0,7201,35020,483,0,12,65,326,264,42241,0,0
E14001041,Winchester,44060,44060,39.9,52.5,1.2,0.4,1.1,2.0,7.7,2.5,96.7,0.0,0.0,17561,23123,519,161,490,889,3376,1096,42599,0,0
E14001042,Windsor,46457,46453,40.5,50.0,1.5,0.2,0.4,1.3,9.5,1.9,95.6,0.0,0.0,18801,23230,703,103,200,621,4422,872,44402,0,0
E14001043,Wirral South,33624,33624,48.8,46.6,0.5,0.2,0.3,0.6,4.7,0.6,99.5,0.0,0.0,16399,15656,166,58,86,202,1569,202,33460,0,0
E14001044,Wirral West,32193,32193,81.1,11.2,1.0,0.0,0.2,0.8,7.7,0.9,98.9,0.0,0.0,26121,3596,309,2,79,249,2476,289,31826,0,0
E14001045,Witham,40451,40451,81.7,1.6,1.1,0.8,2.6,3.9,16.7,4.4,90.0,0.0,0.0,33031,652,432,324,1034,1562,6768,1800,36415,0,0
E14001046,Witney,49309,49308,52.9,39.1,8.0,0.6,1.8,3.9,8.0,4.3,96.1,0.0,0.0,26068,19297,3938,278,880,1943,3943,2125,47374,0,0
E14001047,Woking,46623,46623,15.1,82.4,2.4,0.0,0.3,0.4,2.5,0.4,99.4,0.0,0.0,7045,38397,1099,2,152,197,1181,204,46331,0,0
E14001048,Wokingham,45969,45953,46.7,47.3,8.2,0.0,0.3,1.4,6.0,2.0,96.5,0.0,0.0,21459,21751,3788,18,129,623,2743,899,44367,0,0
E14001049,Wolverhampton North East,39609,39609,11.3,87.8,0.6,0.0,0.0,0.5,0.9,0.5,99.1,0.0,0.0,4484,34767,218,0,0,210,358,215,39266,0,0
E14001050,Wolverhampton South East,39672,39672,24.0,75.4,0.1,0.0,0.0,0.0,0.7,0.1,100.0,0.0,0.0,9517,29896,56,0,0,4,259,24,39663,0,0
E14001051,Wolverhampton South West,38365,38365,21.6,77.4,0.9,0.0,0.0,0.0,1.1,0.2,99.0,0.0,0.0,8273,29681,360,0,0,1,411,69,37981,0,0
E14001052,Worcester,47209,47186,96.3,1.5,0.9,0.0,0.0,0.0,2.2,0.1,99.6,0.0,0.0,45457,706,422,0,1,20,1023,52,47007,0,0
E14001053,Workington,39430,39429,92.0,0.7,0.7,0.9,2.1,3.1,7.3,3.2,98.3,0.1,0.1,36280,272,272,357,826,1215,2868,1257,38755,40,40
E14001054,Worsley and Eccles South,47785,47785,13.2,84.7,2.2,0.0,0.5,1.0,2.0,1.8,98.6,1.2,0.0,6326,40486,1060,11,218,464,973,871,47115,554,0
E14001055,Worthing West,48937,48937,36.3,62.8,1.1,0.0,0.0,0.0,0.9,0.0,100.0,0.0,0.0,17787,30720,545,0,1,2,430,6,48918,0,0
E14001056,Wycombe,46169,46169,61.8,33.7,0.9,0.2,0.7,1.3,4.5,1.3,99.6,0.0,0.0,28510,15537,402,98,321,578,2088,621,45976,0,0
E14001057,Wyre and Preston North,41842,41842,61.8,32.1,6.9,0.3,0.6,1.2,6.1,1.4,98.6,31.2,17.2,25875,13417,2882,134,247,513,2541,572,41271,13047,7196
E14001058,Wyre Forest,47000,47000,44.1,51.0,0.3,0.3,1.0,1.9,5.0,2.0,99.4,0.0,0.0,20723,23949,145,131,488,897,2328,926,46704,0,0
E14001059,Wythenshawe and Sale East,49530,49530,20.8,77.1,0.6,0.1,0.5,1.2,2.1,2.2,98.4,3.6,2.7,10284,38201,296,30,251,590,1045,1102,48716,1800,1358
E14001060,Yeovil,52276,52274,89.9,0.6,0.6,0.8,2.4,3.7,9.5,3.8,97.7,0.3,0.3,46978,309,309,397,1253,1912,4987,1971,51076,146,146
E14001061,York Central,50001,49998,14.3,81.5,20.0,0.0,0.1,0.3,4.2,0.8,95.9,4.3,1.6,7129,40744,10013,0,32,155,2125,381,47930,2158,789
E14001062,York Outer,42628,42628,31.6,62.4,38.1,0.7,1.1,1.7,6.1,2.4,98.6,10.3,6.5,13458,26580,16257,315,467,721,2590,1006,42052,4415,2791
N06000001,Belfast East,44625,44625,8.1,89.9,0.1,0.0,0.3,1.1,2.0,1.2,98.4,0.0,0.0,3614,40136,57,2,155,483,875,544,43927,0,0
N06000002,Belfast North,48873,48872,4.6,93.5,1.0,0.0,0.0,1.0,1.9,1.4,98.5,0.0,0.0,2230,45712,512,15,18,479,930,671,48128,0,0
N06000003,Belfast South,51088,51087,8.8,90.1,4.4,0.0,0.0,0.1,1.1,0.3,99.1,0.0,0.0,4500,46050,2239,0,5,29,537,163,50620,0,0
N06000004,Belfast West,39570,39570,6.7,92.6,3.9,0.0,0.1,0.2,0.8,0.3,99.6,0.0,0.0,2641,36630,1551,8,51,71,299,99,39393,0,0
N06000005,East Antrim,39276,39276,73.4,19.3,7.2,1.6,2.4,3.1,7.3,3.2,99.1,0.0,0.0,28821,7575,2838,626,948,1223,2879,1238,38929,0,0
N06000006,East Londonderry,43633,43632,70.0,16.1,16.1,2.5,4.6,6.4,13.8,6.5,99.3,0.0,0.0,30556,7042,7034,1081,1994,2807,6034,2821,43314,0,0
N06000007,Fermanagh and South Tyrone,41907,41891,68.9,3.1,3.1,6.4,11.0,16.3,27.7,16.6,98.7,36.5,5.5,28876,1282,1282,2665,4612,6832,11626,6971,41343,15314,2285
N06000008,Foyle,40686,40686,79.6,17.9,9.4,0.4,0.5,0.8,2.5,0.8,99.7,0.0,0.0,32375,7303,3824,143,214,323,1008,333,40549,0,0
N06000009,Lagan Valley,44249,44249,40.2,51.3,6.4,0.7,2.1,3.2,8.6,3.3,99.5,0.0,0.0,17767,22685,2822,314,924,1417,3797,1450,44011,0,0
N06000010,Mid Ulster,35988,35988,70.1,7.3,7.3,3.1,6.7,10.4,22.5,10.5,98.3,0.0,0.0,25221,2636,2636,1104,2412,3727,8097,3794,35384,2,0
N06000011,Newry and Armagh,43104,43102,77.4,4.5,4.5,2.9,5.5,8.1,18.1,8.1,99.1,2.4,0.7,33369,1934,1934,1253,2358,3488,7799,3504,42705,1018,283
N06000012,North Antrim,45465,45463,78.4,6.1,6.1,2.6,5.2,7.5,15.5,7.6,98.9,0.0,0.0,35643,2785,2768,1190,2357,3417,7033,3448,44976,0,0
N06000013,North Down,40844,40843,26.9,70.9,61.0,0.1,0.3,0.5,2.2,0.5,100.0,0.0,0.0,10990,28960,24930,47,112,205,893,206,40826,0,0
N06000014,South Antrim,40901,40900,56.3,30.8,15.3,2.6,4.6,6.2,12.9,6.2,98.7,0.0,0.0,23007,12608,6271,1049,1896,2525,5285,2534,40384,0,0
N06000015,South Down,41914,41914,74.3,5.2,5.2,4.0,7.1,10.6,20.5,10.8,97.7,6.0,0.0,31147,2179,2179,1660,2986,4425,8575,4511,40938,2524,0
N06000016,Strangford,38239,38239,47.8,41.2,41.0,1.1,2.7,5.2,11.0,5.2,99.7,0.0,0.0,18272,15757,15671,424,1047,1983,4210,1988,38125,0,0
N06000017,Upper Bann,50707,50707,89.7,4.3,6.7,0.4,0.8,1.4,6.0,1.4,99.7,0.0,0.0,45498,2159,3403,206,410,704,3050,718,50576,0,0
N06000018,West Tyrone,35526,35524,60.6,14.7,18.1,6.7,11.9,15.4,24.6,15.6,98.5,5.4,0.6,21521,5234,6413,2396,4216,5476,8727,5532,34995,1902,205
S14000001,Aberdeen North,50767,50767,86.4,8.2,2.2,0.0,0.0,1.4,5.4,1.6,96.4,0.0,0.0,43864,4148,1099,0,3,721,2755,806,48936,0,0
S14000002,Aberdeen South,44867,44859,90.1,2.4,0.8,0.2,0.3,0.6,7.5,0.7,97.0,0.0,0.0,40415,1082,348,74,152,260,3362,293,43510,0,0
S14000003,Airdrie and Shotts,39943,39943,31.5,64.1,0.4,0.1,0.6,0.9,4.3,1.2,98.3,0.0,0.0,12597,25613,165,48,257,371,1733,478,39266,0,0
S14000004,Angus,43200,43200,84.5,0.7,0.7,1.5,4.1,8.0,14.7,8.4,93.1,0.0,0.0,36487,314,314,647,1756,3465,6344,3648,40211,0,0
S14000005,Argyll and Bute,49375,49375,77.2,0.5,0.5,3.3,6.2,11.6,21.7,12.7,88.9,0.0,0.0,38104,254,240,1647,3040,5710,10690,6267,43886,0,0
S14000006,"Ayr, Carrick and Cumnock",46067,46066,51.3,40.2,0.5,0.9,2.2,3.7,8.5,3.9,95.5,0.0,0.0,23623,18523,251,432,1007,1688,3901,1810,43980,0,0
S14000007,Banff and Buchan,44359,44359,80.8,0.9,0.9,2.9,6.6,10.7,18.1,11.5,92.7,0.0,0.0,35824,413,413,1270,2914,4748,8015,5107,41132,0,0
S14000008,"Berwickshire, Roxburgh and Selkirk",50659,50634,81.0,1.9,1.9,2.3,5.8,10.4,16.8,11.1,93.4,1.5,1.5,41030,950,950,1175,2926,5275,8502,5600,47329,770,770
S14000009,"Caithness, Sutherland and Easter Ross",31982,31982,69.9,0.4,0.4,4.0,8.2,15.5,29.1,16.5,90.3,13.5,1.8,22346,137,137,1270,2619,4956,9320,5283,28880,4324,573
S14000010,Central Ayrshire,43394,43394,30.7,64.9,0.8,0.2,0.7,2.0,4.5,2.1,99.0,0.0,0.0,13306,28150,333,99,293,850,1938,891,42966,0,0
S14000011,"Coatbridge, Chryston and Bellshill",44035,44035,23.9,74.4,6.9,0.1,0.6,0.9,1.7,1.1,98.8,0.0,0.0,10534,32765,3055,34,250,417,736,465,43509,0,0
S14000012,"Cumbernauld, Kilsyth and Kirkintilloch East",40680,40680,32.7,63.0,7.2,0.2,0.4,0.8,4.3,1.1,98.9,0.0,0.0,13321,25614,2934,75,155,334,1745,455,40238,0,0
S14000013,Dumfries and Galloway,49144,49144,82.2,1.6,1.6,2.0,4.7,8.0,16.1,8.4,94.2,0.0,0.0,40414,786,786,976,2319,3921,7888,4131,46317,0,0
S14000014,"Dumfriesshire, Clydesdale and Tweeddale",42087,42086,76.4,2.4,2.4,2.4,5.9,10.9,21.0,11.3,92.8,0.0,0.0,32175,992,992,990,2486,4579,8857,4766,39062,0,0
S14000015,Dundee East,42918,42918,13.2,83.6,0.2,0.2,0.4,1.1,3.2,1.4,98.5,0.0,0.0,5645,35879,106,72,193,472,1394,604,42293,0,0
S14000016,Dundee West,47395,47394,11.1,86.9,0.4,0.1,0.3,0.6,2.0,0.7,99.1,0.0,0.0,5258,41167,189,65,127,302,960,355,46990,0,0
S14000017,Dunfermline and West Fife,47576,47576,74.0,20.9,20.8,0.2,0.8,1.0,5.1,1.0,99.7,0.0,0.0,35190,9936,9913,82,375,496,2450,496,47418,0,0
S14000018,East Dunbartonshire,36358,36357,13.2,84.0,0.3,0.0,0.1,0.3,2.8,0.5,98.4,0.0,0.0,4792,30543,99,5,34,127,1022,198,35775,0,0
S14000019,"East Kilbride, Strathaven and Lesmahagow",48478,48478,32.8,62.4,0.9,0.8,1.6,2.6,4.8,2.8,97.9,0.0,0.0,15921,30248,415,390,755,1282,2309,1363,47451,0,0
S14000020,East Lothian,49754,49741,86.9,2.0,2.0,0.7,2.2,4.0,11.1,4.3,95.5,20.2,20.2,43212,979,979,342,1080,2013,5510,2163,47495,10039,10039
S14000021,East Renfrewshire,39679,39679,24.2,72.0,0.7,0.2,0.3,0.7,3.9,0.8,98.6,0.0,0.0,9592,28550,258,67,112,282,1537,309,39108,0,0
S14000022,Edinburgh East,53063,53062,16.6,80.2,4.0,0.2,0.4,1.1,3.2,3.1,97.0,0.0,0.0,8799,42577,2132,95,206,575,1686,1621,51460,0,0
S14000023,Edinburgh North and Leith,63983,63981,24.5,74.8,8.7,0.0,0.0,0.0,0.7,0.9,99.3,0.0,0.0,15669,47881,5574,0,9,29,431,580,63558,0,0
S14000024,Edinburgh South,40631,40631,15.2,83.7,1.8,0.0,0.0,0.1,1.1,0.3,99.0,0.0,0.0,6162,34025,729,3,20,29,444,138,40235,0,0
S14000025,Edinburgh South West,51431,51431,18.3,80.3,3.0,0.1,0.1,0.2,1.4,0.3,99.0,0.0,0.0,9396,41293,1538,44,58,116,742,170,50936,0,0
S14000026,Edinburgh West,44230,44230,27.0,70.5,4.5,0.1,0.6,0.8,2.5,1.0,99.0,0.0,0.0,11938,31193,1983,44,275,347,1099,460,43768,0,0
S14000027,Na h-Eileanan an Iar,15304,15304,66.9,0.1,0.1,4.1,6.0,8.7,23.1,18.8,82.6,0.0,0.0,10237,19,19,629,920,1339,3540,2880,12648,0,0
S14000028,Falkirk,53392,53390,15.3,82.1,0.3,0.1,0.4,0.9,2.6,1.2,98.8,0.0,0.0,8171,43853,160,46,232,454,1366,632,52776,0,0
S14000029,Glasgow Central,53609,53606,39.4,53.9,14.8,0.0,0.2,0.8,6.7,1.2,93.7,0.0,0.0,21111,28908,7918,0,119,448,3587,636,50238,0,0
S14000030,Glasgow East,45007,45004,43.2,55.1,4.4,0.0,0.1,0.9,1.7,0.9,98.8,0.0,0.0,19434,24785,1986,0,26,390,785,411,44465,0,0
S14000031,Glasgow North,38059,38059,14.0,85.3,8.5,0.0,0.0,0.1,0.7,0.5,99.5,0.0,0.0,5340,32462,3238,6,19,25,257,185,37884,0,0
S14000032,Glasgow North East,42802,42802,29.1,70.1,4.6,0.0,0.0,0.1,0.8,0.3,99.7,0.0,0.0,12458,30011,1952,0,17,38,333,129,42668,0,0
S14000033,Glasgow North West,44019,44019,37.1,62.6,2.9,0.0,0.0,0.1,0.3,0.1,100.0,0.0,0.0,16328,27551,1258,0,1,36,140,49,43998,0,0
S14000034,Glasgow South,43769,43768,32.4,65.8,1.7,0.0,0.0,0.1,1.9,0.3,98.8,0.0,0.0,14171,28785,748,0,7,28,812,114,43250,0,0
S14000035,Glasgow South West,41719,41719,74.3,23.2,7.3,0.0,0.1,0.6,2.4,0.7,98.5,0.0,0.0,31014,9693,3063,12,46,265,1012,275,41111,0,0
S14000036,Glenrothes,43321,43321,29.6,66.9,0.1,0.1,0.2,1.5,3.4,1.7,99.0,0.0,0.0,12834,28997,42,58,95,636,1490,737,42889,0,0
S14000037,Gordon,47898,47898,78.8,1.1,1.1,1.9,5.2,9.1,20.1,10.1,92.0,0.0,0.0,37722,518,518,933,2494,4369,9605,4848,44070,0,0
S14000038,Inverclyde,38983,38982,21.8,75.3,6.3,0.1,0.2,0.5,2.9,0.6,98.7,0.0,0.0,8514,29341,2461,30,87,197,1127,238,38490,0,0
S14000039,"Inverness, Nairn, Badenoch and Strathspey",51483,51481,81.4,0.8,0.8,2.0,3.7,6.4,17.5,6.8,95.1,1.3,0.4,41926,415,415,1048,1929,3287,9029,3498,48983,670,186
S14000040,Kilmarnock and Loudoun,44492,44492,50.6,44.6,3.2,0.5,1.0,2.4,4.8,2.5,98.0,0.0,0.0,22502,19843,1427,230,429,1074,2147,1112,43583,0,0
S14000041,Kirkcaldy and Cowdenbeath,48998,48997,56.3,41.6,8.1,0.0,0.2,0.3,2.1,0.3,99.4,0.0,0.0,27586,20401,3977,21,81,145,1010,152,48707,0,0
S14000042,Lanark and Hamilton East,49552,49552,44.0,49.8,3.1,0.4,1.5,2.8,6.2,2.9,98.7,0.0,0.0,21798,24692,1536,203,767,1366,3062,1413,48888,0,0
S14000043,Linlithgow and East Falkirk,55671,55670,41.0,53.7,4.2,0.1,0.7,1.5,5.2,1.6,98.3,0.0,0.0,22836,29913,2333,82,374,813,2921,906,54706,0,0
S14000044,Livingston,49679,49677,31.2,65.4,4.9,0.2,0.5,1.1,3.5,1.2,98.5,0.0,0.0,15486,32469,2449,94,273,527,1722,575,48922,0,0
S14000045,Midlothian,41664,41663,70.0,21.6,21.6,0.8,1.9,3.5,8.4,3.5,97.4,0.6,0.6,29149,9006,9006,327,772,1446,3508,1460,40584,245,245
S14000046,Moray,46475,46445,82.7,0.3,0.3,2.0,4.7,7.9,16.8,8.4,94.6,0.0,0.0,38426,129,129,910,2188,3678,7804,3895,43955,0,0
S14000047,Motherwell and Wishaw,45204,45204,14.3,85.0,0.6,0.2,0.2,0.2,0.7,0.5,99.7,0.0,0.0,6460,38444,274,93,101,112,295,208,45069,0,0
S14000048,North Ayrshire and Arran,48621,48621,82.3,10.1,10.1,0.4,1.0,2.3,7.6,2.3,98.8,0.0,0.0,40034,4890,4890,207,485,1119,3696,1127,48043,0,0
S14000049,North East Fife,39217,39217,81.8,8.0,1.5,0.7,2.2,4.4,10.2,4.6,97.3,0.0,0.0,32094,3123,570,266,870,1742,3991,1814,38141,0,0
S14000050,Ochil and South Perthshire,47856,47856,84.5,1.1,0.5,1.7,3.5,6.1,14.4,6.4,95.9,0.0,0.0,40458,520,252,797,1667,2923,6878,3057,45870,0,0
S14000051,Orkney and Shetland,22557,22547,64.5,0.2,0.2,5.3,11.0,23.2,34.5,24.7,79.1,0.0,0.0,14557,45,45,1195,2490,5244,7781,5567,17838,0,0
S14000052,Paisley and Renfrewshire North,43933,43933,19.4,76.1,13.2,0.1,0.3,0.7,4.5,1.1,97.5,0.0,0.0,8516,33445,5813,34,127,302,1972,494,42853,0,0
S14000053,Paisley and Renfrewshire South,44722,44721,19.7,77.7,3.1,0.1,0.5,0.7,2.6,0.8,98.5,0.0,0.0,8790,34755,1370,45,221,304,1176,356,44042,0,0
S14000054,Perth and North Perthshire,50392,50388,36.6,49.0,0.6,1.4,3.7,6.8,13.9,7.7,94.3,0.0,0.0,18452,24667,299,696,1873,3428,7002,3867,47531,0,0
S14000055,"Ross, Skye and Lochaber",35348,35348,66.6,0.7,0.7,5.1,9.7,18.1,30.7,20.6,84.0,15.1,4.0,23556,245,245,1794,3431,6389,10837,7275,29700,5331,1425
S14000056,Rutherglen and Hamilton West,49751,49751,21.2,76.6,0.8,0.1,0.1,0.4,2.2,0.5,99.0,0.0,0.0,10570,38102,376,34,57,218,1079,229,49234,0,0
S14000057,Stirling,40484,40484,84.9,2.1,0.5,1.5,3.4,5.2,13.0,5.4,95.5,0.0,0.0,34355,837,195,609,1360,2105,5274,2201,38669,0,0
S14000058,West Aberdeenshire and Kincardine,43226,43226,75.5,1.3,1.3,3.6,7.4,12.3,22.6,13.5,90.9,0.0,0.0,32655,563,563,1569,3197,5331,9778,5833,39275,0,0
S14000059,West Dunbartonshire,45851,45851,7.6,91.1,0.1,0.0,0.1,0.3,1.3,0.5,99.2,0.0,0.0,3500,41762,65,10,50,151,589,234,45471,0,0
W07000041,Ynys Mn,35784,35784,73.5,15.4,15.4,0.8,2.3,4.1,11.0,4.2,96.5,0.0,0.0,26313,5516,5517,303,814,1459,3942,1491,34549,0,0
W07000042,Delyn,32398,32398,81.2,9.4,9.4,0.4,1.7,3.4,9.4,4.0,96.4,0.0,0.0,26309,3044,3044,125,550,1117,3045,1309,31217,0,0
W07000043,Alyn and Deeside,38499,38499,85.6,7.3,7.3,0.3,1.0,2.0,7.1,2.0,98.1,0.0,0.0,32955,2813,2813,133,366,785,2731,788,37753,0,0
W07000044,Wrexham,32620,32619,74.8,21.6,21.6,0.1,0.3,0.6,3.6,0.8,99.0,0.0,0.0,24413,7044,7030,25,114,207,1162,254,32282,0,0
W07000045,Llanelli,39265,39265,92.7,1.0,1.0,0.6,1.3,2.3,6.4,2.7,97.9,7.8,6.6,36396,375,375,255,521,889,2494,1048,38434,3044,2576
W07000046,Gower,37584,37584,44.6,50.0,9.3,0.3,0.7,1.4,5.4,1.6,97.4,7.1,1.8,16750,18807,3501,127,263,531,2024,605,36593,2674,658
W07000047,Swansea West,38449,38449,11.6,87.9,2.4,0.0,0.0,0.1,0.4,0.1,99.9,0.0,0.0,4475,33807,924,0,0,22,167,49,38394,0,0
W07000048,Swansea East,38884,38884,13.3,85.5,2.5,0.0,0.0,0.1,1.1,0.2,99.2,20.1,11.8,5186,33254,955,3,5,36,444,60,38567,7808,4584
W07000049,Aberavon,32180,32180,20.2,77.6,1.0,0.1,0.2,0.3,2.2,0.5,99.3,6.0,3.0,6499,24980,330,23,60,111,701,162,31963,1920,971
W07000050,Cardiff Central,35501,35500,22.0,73.8,2.3,0.0,0.0,0.4,4.2,0.9,96.2,0.0,0.0,7810,26207,832,1,8,133,1483,336,34154,0,0
W07000051,Cardiff North,38183,38183,30.5,68.1,11.6,0.0,0.4,0.4,1.4,0.5,99.6,0.0,0.0,11650,25998,4428,13,135,166,535,180,38046,0,0
W07000052,Rhondda,33835,33834,98.3,0.1,0.1,0.0,0.0,0.1,1.6,0.1,100.0,0.0,0.0,33267,22,22,2,8,21,545,22,33832,0,0
W07000053,Torfaen,38096,38090,63.1,32.5,1.6,0.1,0.2,1.1,4.3,1.4,97.6,0.0,0.0,24041,12396,620,27,95,422,1653,534,37173,0,0
W07000054,Monmouth,39798,39798,74.6,8.9,7.4,2.0,4.4,7.7,16.3,8.0,95.0,0.0,0.0,29683,3559,2927,800,1758,3066,6492,3203,37826,0,0
W07000055,Newport East,36122,36121,33.7,63.2,1.6,0.1,0.3,0.9,3.0,1.4,98.0,0.0,0.0,12185,22842,566,25,122,343,1094,497,35395,0,0
W07000056,Newport West,40473,40473,36.1,61.7,4.5,0.1,0.3,0.5,2.3,0.8,99.1,0.0,0.0,14600,24956,1826,35,115,200,917,304,40090,0,0
W07000057,Arfon,27373,27373,80.6,10.9,10.9,0.6,1.5,3.0,8.5,3.1,96.2,0.0,0.0,22053,2986,2986,157,417,816,2333,835,26341,0,0
W07000058,Aberconwy,29204,29203,86.1,5.5,5.5,0.7,2.2,4.1,8.4,4.3,96.4,0.0,0.0,25140,1613,1613,195,637,1183,2447,1250,28143,0,0
W07000059,Clwyd West,35344,35343,84.5,4.3,4.3,1.3,3.2,6.0,11.2,6.3,95.4,0.0,0.0,29875,1512,1512,466,1142,2126,3946,2225,33707,0,0
W07000060,Vale of Clwyd,34421,34421,91.5,4.2,4.2,0.2,0.7,1.3,4.3,1.4,98.4,0.0,0.0,31504,1429,1429,53,227,457,1478,486,33870,0,0
W07000061,Dwyfor Meirionnydd,35642,35642,67.2,16.7,16.7,2.2,5.1,8.2,16.0,8.5,93.1,0.0,0.0,23956,5953,5953,799,1802,2925,5710,3029,33180,0,0
W07000062,Clwyd South,33115,33115,80.8,9.2,9.2,1.1,2.3,4.6,10.0,4.9,96.6,0.0,0.0,26757,3043,3043,364,748,1508,3315,1614,31982,16,1
W07000063,Montgomeryshire,30788,30787,60.3,19.6,19.6,3.3,7.0,11.6,19.6,12.5,92.4,7.3,3.2,18568,6021,6021,1007,2155,3565,6022,3852,28460,2255,985
W07000064,Ceredigion,35682,35682,60.1,19.7,19.7,3.4,7.1,11.8,20.0,12.8,89.7,3.3,2.7,21459,7022,7022,1202,2547,4225,7130,4573,32009,1187,958
W07000065,Preseli Pembrokeshire,38958,38958,78.9,5.0,5.0,2.4,5.6,9.0,16.0,9.4,94.4,7.9,3.2,30748,1949,1949,928,2200,3490,6247,3643,36772,3079,1242
W07000066,Carmarthen West and South Pembrokeshire,39710,39710,82.1,5.1,5.0,1.5,3.7,6.1,12.8,6.3,95.6,3.6,0.2,32597,2033,1979,580,1474,2417,5079,2510,37949,1430,66
W07000067,Carmarthen East and Dinefwr,34703,34699,65.3,12.5,12.5,3.2,7.2,11.2,21.7,12.3,89.5,19.4,13.8,22672,4342,4342,1120,2496,3877,7515,4276,31051,6744,4778
W07000068,Brecon and Radnorshire,35381,35381,62.3,13.5,13.4,3.6,8.0,13.1,23.8,13.9,86.7,0.0,0.0,22046,4774,4743,1290,2836,4631,8431,4928,30693,11,1
W07000069,Neath,35202,35200,48.7,47.2,3.4,0.2,0.5,0.7,4.1,0.9,99.4,4.6,1.3,17146,16611,1183,81,160,257,1443,316,34984,1611,473
W07000070,Cynon Valley,33496,33496,94.5,2.2,1.4,0.1,0.1,0.7,3.3,0.8,99.3,0.0,0.0,31640,736,476,19,31,229,1120,252,33269,0,0
W07000071,Merthyr Tydfil and Rhymney,35675,35675,94.2,2.1,2.1,0.1,0.2,0.5,3.6,0.5,99.7,0.0,0.0,33620,753,753,34,89,169,1302,177,35557,0,0
W07000072,Blaenau Gwent,33601,33600,96.0,1.2,1.2,0.0,0.2,0.6,2.8,0.6,99.6,0.0,0.0,32268,396,396,16,58,200,936,201,33458,0,0
W07000073,Bridgend,37921,37920,86.0,9.1,7.2,0.0,0.3,0.9,5.0,0.9,98.4,0.0,0.0,32595,3441,2744,14,121,339,1884,352,37308,0,0
W07000074,Ogmore,35414,35414,87.8,7.1,4.5,0.2,0.2,0.9,5.1,0.9,99.1,0.0,0.0,31111,2500,1600,54,88,317,1803,320,35109,0,0
W07000075,Pontypridd,37040,37040,67.7,27.6,1.2,0.1,0.1,0.7,4.7,1.1,98.6,0.0,0.0,25077,10217,438,25,43,243,1746,420,36514,0,0
W07000076,Caerphilly,39428,39427,94.9,1.9,0.6,0.0,0.2,0.5,3.2,0.5,99.7,0.0,0.0,37427,746,221,14,90,208,1254,209,39310,0,0
W07000077,Islwyn,34496,34496,90.1,5.5,4.3,0.1,0.2,0.3,4.4,0.4,99.8,0.0,0.0,31084,1889,1488,21,63,106,1523,128,34411,0,0
W07000078,Vale of Glamorgan,45511,45511,46.2,48.7,5.3,0.5,1.3,2.0,5.1,2.1,98.2,0.0,0.0,21018,22165,2392,249,569,911,2328,934,44675,0,0
W07000079,Cardiff West,40839,40838,14.5,84.3,0.3,0.0,0.0,0.1,1.2,0.1,99.9,0.0,0.0,5908,34446,130,1,19,22,484,27,40789,0,0
W07000080,Cardiff South and Penarth,51914,51914,19.7,78.9,9.7,0.0,0.3,0.6,1.4,1.5,98.9,0.0,0.0,10221,40974,5048,8,146,320,719,755,51341,0,0
